code,Plan_ClusterName
2255673,NULL
2195175,CBN07PrdApp02-01
2301068,MRS20PrdStr04
2268016,AMS06PrdStr05
2207876,NULL
743161,DB3PrdApp02
743028,HKNPrdApp02
2337738,NULL
2338602,NULL
2338636,NULL
2338851,NULL
2337829,NULL
2337406,NULL
2338261,NULL
2337592,NULL
2337945,NULL
2337792,NULL
2338278,NULL
2338488,NULL
2337321,NULL
2338132,NULL
2336043,NULL
2336042,NULL
2336045,NULL
2336044,NULL
2336047,NULL
2336046,NULL
2336049,NULL
2336048,NULL
2300431,NULL
2300098,NULL
2260143,LN1PrdApp14-01
2205363,OSA20PrdApp04-01
2206020,SYD23PrdApp03-01
2195295,LN1PrdApp07-01
2195152,CW1PrdApp06-01
2208572,OSA20PrdApp02-01
2207252,MRS20PrdApp03-01
2205136,DB3PrdApp18-01
2305846,DB3PrdApp19-01
2195462,BYAPrdApp23-02
2194299,SN4PrdApp19-03
2208570,BYAPrdApp23-01
2195464,SE1PrdApp01-02
2147291,SN4PrdApp19-02
2206549,MWH01PrdApp17
2194003,BZ6PrdApp11
2153932,SY3PrdApp16-02
2151207,MWH01PrdApp12-02
2194517,MWH01PrdApp10-04
2194460,MWH01PrdApp10-01
2153396,BM1PrdApp06-02
2147225,TY1PrdApp16-01
2194749,TY1PrdApp16-02
2195648,MA1PrdApp06-03
2195012,CQ2PrdApp10
2194154,CQ2PrdApp09
2195146,YT1PrdApp16-01
2301159,AM3PrdApp12-02
2300783,NULL
2195465,BYAPrdApp21
2263474,HKNPrdApp08-02
2300832,NULL
2303848,NULL
2263758,DM5PrdStr14
2267509,OSA20PrdStr06
2266549,PS1PrdStr03
2266300,SIN20PrdStr02
2266707,CW1PrdStr04
2196178,BZ6PrdStr12
2292026,CHI21PrdStr02
2337536,NULL
2300710,NULL
709005,AM3PrdApp11
709008,AM3PrdApp12
679836,AM3PrdStr01
697485,BN1PrdApp03
697486,BN1PrdApp04
697484,BN1PrdApp02
709332,BL2PrdXts01
709266,BL3PrdApp01
709272,CH1PrdApp06
709201,SN3PrdApp02
709273,CH3PrdApp05
742974,BY2PrdApp04
709003,DB4PrdApp12
709310,BY3PrdApp06
709303,BY1PrdApp12
709267,BY2PrdApp07
709294,CH1PrdApp03
709309,CH3PrdApp07
709248,BY2PrdApp05
709198,BY1PrdAPP14
743283,BY1PrdApp10
742976,BY2PrdApp06
709207,BY3PrdApp02
709278,CH3PrdApp06
679828,DB4PrdDDC01
679826,AM3PrdDDC01
679790,BY2PrdDDC01
679791,BY1PrdDDC04
709349,CH3PrdDDC01
766646,BY3PrdDDC04
709360,BY1PrdDDC03
716454,BY2PrdStr01
709217,BY1PrdApp13
709212,BY1PrdApp11
709283,SN1PrdApp01Agg02
709237,BL2PrdApp20
709211,BL2PrdApp14
709202,SN3PrdApp01
709205,BL2PrdApp18
709194,BL2PrdApp13
709203,SN2PrdApp06
709204,CH3PrdApp04
709236,BL2PrdApp19
709235,BL2PrdApp17
709223,SN3PrdApp10
709210,SN3PrdApp11
709243,BL2PrdApp16
709229,BL2PrdApp15
709208,SN3PrdApp06
709206,BY3PrdApp01
709297,CH1PrdApp05
708890,SG1PrdApp08
708996,AM3PrdApp06
709019,DB4PrdApp05
708995,AM3PrdApp05
709007,DB4PrdApp11
708903,SG1PrdDDC03
709106,AM3PrdDDC03
709105,AM3PrdDDC02
708902,SG1PrdDDC02
716476,BL3PrdStr02
716464,DM1PrdStr06
716461,BY2PrdStr02
716477,CH3PrdStr03
716467,DM1PrdStr09
716481,CH3PrdStr01
716482,DM1PrdStr10
716475,BL3PrdStr01
716453,BL2PrdStr03
716460,BL2PrdStr04
716483,SN3PrdStr02
716469,BN1PrdStr09
716485,BN1PrdStr10
716478,SN3PrdStr01
716472,SN3PrdStr03
716474,BY3PrdStr01
716479,BY3PrdStr02
716471,BN1PrdStr08
716470,DM1PrdStr08
716466,BN1PrdStr07
708862,SG1PrdApp09
708897,SG1PrdXts01
708896,HKNPrdXts01
709145,DB4PrdStr05
709188,CQ1PrdDDC01
708866,SG3PrdApp01
709181,OS1PrdDDC01
709180,KW1PrdDDC01
709176,OS1PrdApp01
709173,KW1PrdApp01
709190,CQ1PrdStr01
774286,BY2PrdApp08
860298,BL3PrdApp09
774285,BY3PrdApp04
860297,BL2PrdApp22
774061,BL3PrdApp06
774062,BY3PrdApp09
709183,OS1PrdStr01
709182,KW1PrdStr01
775834,BY3PrdStr03
775833,BL3PrdStr03
860335,SH2PrdStr01
845761,BL2PrdApp21
709230,BY3PrdApp03
709358,SN3PrdDDC03
766659,SN3PrdDDC02
709100,DB4PrdDDC03
709185,CQ1PrdApp01
860286,AM3PrdApp14
860268,BJBPrdApp03
708868,SG3PrdApp02
708959,SG3PrdStr01
708958,HKNPrdStr12
845668,BY1PrdDDC02
743765,SN2PrdApp08
721774,BL2PrdApp02
697488,BY1PrdApp01
697489,BY1PrdApp02
743997,BL2PrdApp01
697494,AM2PrdStr01
697487,BN1PrdDDC01
2263756,BZ7PrdStr03
2208571,DUB07PrdApp01-01
2322238,NULL
2322200,NULL
2195459,YQ1PrdApp06-02
2194729,BLUPrdApp05-02
2194137,YQ1PrdApp06-01
2296059,MEL20PrdStr01
2205497,CHI21PrdApp01-01
709096,AM2PrdXts01
2206567,CBZ07PrdApp01-01
2195176,BZ7PrdApp04-01
2317998,NULL
2150495,DZ5PrdApp09-04
2330121,NULL
2329939,NULL
2338434,NULL
845613,DB3PrdApp10
743166,DB3PrdApp07
743163,DB3PrdApp04
743618,HKNPrdApp03
743165,DB3PrdApp06
708976,BJBPrdApp01
845614,SG1PrdApp06
708977,SHAPrdApp01
743164,DB3PrdApp05
845619,BY1PrdApp03
743010,CH1PrdApp13
845620,BY1PrdApp04
743167,BN1PrdApp01
709014,AM3PrdApp13
925835,OS1PrdApp02
709095,DB3PrdXts01
709012,DB4PrdApp14
925834,TY1PrdApp01
709013,DB4PrdApp10
708863,HKNPrdApp08
708864,HK2PrdApp01
708865,HK2PrdApp02
860277,SH2PrdApp01
987399,SY3PrdApp01
709001,DB4PrdApp09
709011,AM3PrdApp08
709308,BL3PrdApp07
709293,BL3PrdApp03
2121261,SN1PrdApp04
709307,BL3PrdApp04
743008,CH1PrdApp11
743009,CH1PrdApp12
743006,CH1PrdApp09
743007,CH1PrdApp10
925919,CH1PrdApp02
2121260,SN1PrdApp01Agg02
709334,SN1PrdXts01
709335,BY1PrdXTS01
709222,CH3PrdApp09
2002818,CH1PrdDDC01
845667,BL2PrdDDC02
709355,SN3PrdDDC01
709320,BY3PrdDDC06
709099,DB4PrdDDC02
708899,HK2PrdDDC01
709110,AM3PrdDDC04
709323,CH1PrdDDC04
708988,SHAPrdDDC01
708984,BJBPrdDDC01
766638,SG1PrdDDC04
766666,SG3PrdDDC01
2110817,DPD
2110818,DPE
938945,CH3PrdDDC03
926033,BL3PrdDDC01
766725,BY3PrdDDC02
766686,CH3PrdDDC02
743000,CH1PrdApp03
742999,CH1PrdApp02
743162,DB3PrdApp03
742997,SN2PrdApp07
742998,CH1PrdApp01
742956,SN1PrdApp01
743003,CH1PrdApp06
743004,CH1PrdApp07
743002,CH1PrdApp05
743025,SG1PrdApp02
743027,HKNPrdApp01
845665,DB3PrdDDC01
845666,DB3PrdDDC02
2341237,NULL
775837,BL3PrdStr04
845638,HKNPrdStr02
860332,BJBPrdStr02
2000705,CH3PrdStr04
987408,SY3PrdStr01
845630,DB3PrdStr02
845644,SG1PrdStr03
2300782,NULL
2303042,NULL
2303043,NULL
2194129,BY1PrdApp05
2300111,BY3PrdApp03-02
2194252,AM3PrdApp07-02
2194494,SG2PrdApp38-01
2194171,BY3PrdApp01-02
2195394,BL2PrdApp22-02
2194473,AM3PrdApp06-02
2301319,AM3PrdApp13-02
2263935,NULL
2321709,NULL
2321269,NULL
2321812,NULL
2208376,TYO22PrdStr01
845664,CH1PrdStr05
2000800,SN3PrdStr05
845651,SN1PrdStr04
987407,ML1PrdStr01
845625,BY1PrdStr02
2000218,DB4PrdStr09
2208502,DZ5PrdStr13
2303047,NULL
2303046,NULL
2321567,NULL
2292316,LN1PrdStp04
2207739,BLAPrdStp02
2321154,NULL
2256760,BYCPrdStp02
2194489,BYAPrdStp03
2194431,TY1PrdStp05
2193981,BM1PrdStp01
2206400,MWH02PrdStp01
2207376,DUB20PrdStp01
2291580,BL7PrdStp01
2205496,OS1PrdStp01
2194381,BZ6PrdStp08
2206585,DB3PrdStp01
2291849,CHI21PrdStp01
2193987,SG2PrdStp05
2195645,SY3PrdApp16-03
2194413,BYAPrdStp07
2337801,NULL
2147214,SN4PrdApp20
2194032,BLAPrdApp10
2255842,LN1PrdApp11
2195646,LN1PrdApp12
2193884,MA1PrdApp07
2195173,MWH01PrdApp22-01
2206615,AMS20PrdApp10-01
2206342,BZ6PrdApp19-01
2329529,NULL
2300171,CW1PrdStp03
2256674,NULL
2257086,PAR21PrdStp02
2292238,PN1PrdStp02
2321629,NULL
2322079,NULL
2322229,NULL
2322296,CHI21PrdStp02
2208518,BZ6PrdStr15
775838,BY3PrdStr04
2338331,NULL
2337502,NULL
2337969,NULL
2338110,NULL
2337965,NULL
2338295,NULL
2338752,NULL
2337734,NULL
2338052,NULL
2338193,NULL
2338716,NULL
2337823,NULL
2338464,NULL
2338230,NULL
2338415,NULL
2337357,NULL
2338475,NULL
2338542,NULL
2337503,NULL
2338058,NULL
2338660,NULL
2338774,NULL
2337805,NULL
2338692,NULL
2337870,NULL
2338673,NULL
2338554,NULL
2338438,NULL
2337929,NULL
2338731,NULL
2338062,NULL
2338806,NULL
2337456,NULL
2337900,NULL
2338646,NULL
2337438,NULL
2338535,NULL
2337385,NULL
2337292,NULL
2338057,NULL
2338410,NULL
2338572,NULL
2337337,NULL
2337613,NULL
2337853,NULL
2338313,NULL
2338841,NULL
2337700,NULL
2337607,NULL
2338208,NULL
2338011,NULL
2337696,NULL
2338111,NULL
2338404,NULL
2338091,NULL
2338585,NULL
2338852,NULL
2338081,NULL
2338153,NULL
2337416,NULL
2337451,NULL
2337936,NULL
2337589,NULL
2338075,NULL
2337739,NULL
2338033,NULL
2338869,NULL
2338740,NULL
2337622,NULL
2338682,NULL
2338756,NULL
2337428,NULL
2337499,NULL
2338826,NULL
2337472,NULL
2338545,NULL
2338028,NULL
2337749,NULL
2337313,NULL
2337921,NULL
2338302,NULL
2337843,NULL
2338850,NULL
2338342,NULL
2338394,NULL
2337692,NULL
2338608,NULL
2338413,NULL
2338607,NULL
2338467,NULL
2338665,NULL
2337779,NULL
2338301,NULL
2338727,NULL
2338676,NULL
2337962,NULL
2338167,NULL
2338385,NULL
2338353,NULL
2337958,NULL
2337417,NULL
2338606,NULL
2338549,NULL
2337584,NULL
2337742,NULL
2338222,NULL
2337804,NULL
2338751,NULL
2338015,NULL
2337694,NULL
2337466,NULL
2338038,NULL
2338818,NULL
2337512,NULL
2338336,NULL
2338109,NULL
2338206,NULL
2337488,NULL
2337396,NULL
2338144,NULL
2338630,NULL
2338130,NULL
2338263,NULL
2338819,NULL
2337497,NULL
2338544,NULL
2337713,NULL
2337821,NULL
2338399,NULL
2337686,NULL
2338357,NULL
2338309,NULL
2338076,NULL
2337557,NULL
2338687,NULL
2338213,NULL
2338595,NULL
2337758,NULL
2337569,NULL
2337722,NULL
2338783,NULL
2338177,NULL
2338223,NULL
2338659,NULL
2338781,NULL
2338782,NULL
2338431,NULL
2338520,NULL
2338174,NULL
2338683,NULL
2338581,NULL
2338136,NULL
2338064,NULL
2338807,NULL
2337322,NULL
2338014,NULL
2338224,NULL
2337410,NULL
2338623,NULL
2338260,NULL
2338569,NULL
2337659,NULL
2338071,NULL
2337409,NULL
2338027,NULL
2337899,NULL
2337860,NULL
2322443,NULL
2263243,DUB20PrdStr04
2321272,NULL
2322343,NULL
2208496,BLAPrdStr05
2196048,YQ1PrdStr05
2321912,NULL
2322412,NULL
2291857,DM5PrdStr19
2321940,BLAPrdStp04
2291649,NULL
2207740,DB3PrdStp02
2291630,BZ7PrdStr08
2208428,BYCPrdStr03
2257380,BN6PrdStr16
2291791,CQ2PrdStr05
845646,SN1PrdStr01
845647,SN1PrdStr02
2000437,DM2PrdStr01
845631,DB3PrdStr03
845658,CH1PrdStr04
904505,CO2PrdStr01
845645,SN1PrdStr00
845640,SG1PrdStr01
845643,SG1PrdStr02
845632,DB3PrdStr04
845629,DB3PrdStr01
925764,DB4PrdStr07
2292257,NULL
2195870,CQ2PrdStr02
2266376,CW1PrdStr03
2300190,HKG20PrdStr01
2195984,BYAPrdStr03
2195656,ML1PrdStr05
2196315,BL6PrdStr06
2207058,MWH02PrdApp04-01
2337549,NULL
2337593,NULL
2338486,NULL
2338455,NULL
2337916,NULL
2337819,NULL
2338405,NULL
2338560,NULL
2337989,NULL
2338039,NULL
2338734,NULL
2338022,NULL
2337306,NULL
2338695,NULL
2338128,NULL
2337806,NULL
2338390,NULL
2338274,NULL
2338094,NULL
2338471,NULL
2338797,NULL
2338065,NULL
2337638,NULL
2337996,NULL
2337457,NULL
2337372,NULL
2338732,NULL
2338707,NULL
2338168,NULL
2338276,NULL
2337358,NULL
2338529,NULL
2337644,NULL
2337985,NULL
2338137,NULL
2338218,NULL
2338155,NULL
2338778,NULL
2338505,NULL
2337515,NULL
2338202,NULL
2338375,NULL
2337414,NULL
2338283,NULL
2338621,NULL
2338838,NULL
2337774,NULL
2337710,NULL
2338156,NULL
2338757,NULL
2337435,NULL
2338163,NULL
2337334,NULL
2337440,NULL
2337420,NULL
2338077,NULL
2337880,NULL
2337908,NULL
2338056,NULL
2338820,NULL
2338463,NULL
2337495,NULL
2337596,NULL
2338036,NULL
2338096,NULL
2338436,NULL
2337356,NULL
2338369,NULL
2338074,NULL
2337955,NULL
2338667,NULL
2338097,NULL
2338040,NULL
2337861,NULL
2338512,NULL
2338803,NULL
2338619,NULL
2337565,NULL
2338747,NULL
2338858,NULL
2337717,NULL
2337769,NULL
2337735,NULL
2337729,NULL
2337348,NULL
2338448,NULL
2337755,NULL
2338333,NULL
2337995,NULL
2338305,NULL
2341244,NULL
2341243,NULL
2337765,NULL
2338556,NULL
2338447,NULL
2338348,NULL
2337483,NULL
2338139,NULL
2328975,NULL
2338397,NULL
2338562,NULL
2337369,NULL
2338209,NULL
2337708,NULL
2338497,NULL
2337733,NULL
2338466,NULL
2338194,NULL
2337854,NULL
2338300,NULL
2338173,NULL
2337993,NULL
2337835,NULL
2337320,NULL
2337725,NULL
2337992,NULL
2338140,NULL
2337701,NULL
2337621,NULL
2338264,NULL
2338553,NULL
2337335,NULL
2338009,NULL
2337680,NULL
2338640,NULL
2338765,NULL
2337541,NULL
2337426,NULL
2195400,BLAPrdApp06-02
2195356,CO2PrdApp01-01
2206589,AMS06PrdApp14-01
2000622,BN3PrdStr01
708993,BJBPrdStr01
708992,SHAPrdStr01
2325770,NULL
2325771,NULL
2321113,NULL
2321148,NULL
845624,BL2PrdStr01
2338449,NULL
2338663,NULL
2337658,NULL
2337695,NULL
2338317,NULL
2338059,NULL
2338515,NULL
2337974,NULL
2337753,NULL
2337554,NULL
2338003,NULL
2337645,NULL
2338269,NULL
2337872,NULL
2337648,NULL
2337498,NULL
2337573,NULL
2337439,NULL
2338367,NULL
2207853,NULL
2321155,NULL
2292826,NULL
2318006,NULL
2208352,OSA20PrdStr05
2195709,YT1PrdStr04
2267084,PAR20PrdStr03
2300922,PAR22PrdStr04
2292314,SYD23PrdStr02
2300253,AMS06PrdStr07
2307429,NULL
2207930,DUB07PrdStr02
2292838,SYD23PrdStr01
2208126,TYO22PrdStr01
2266944,DM5PrdStr17
2263261,DB3PrdStr14
2292263,NULL
2263685,BZ6PrdStr18
2300376,PN1PrdStr05
2301370,MA1PrdStr07
2300848,NULL
2291835,DM5PrdStr18
2321493,NULL
2321411,NULL
2206777,AMS20PrdApp13-01
2321652,NULL
2206650,AMS20PrdApp14-01
2329188,NULL
2194756,LN1PrdApp03-01
2194753,CQ2PrdApp05-02
2194122,CQ2PrdApp05-01
2194398,CY4PrdApp04-04
2147215,DZ5PrdApp09-03
2195642,CY4PrdApp04-02
2195294,CY4PrdApp11-01
2195247,BL7PrdApp23-01
2206744,YT1PrdApp17-01
2338134,NULL
2337677,NULL
2337873,NULL
2338815,NULL
2338817,NULL
2338821,NULL
2338762,NULL
2338739,NULL
2337507,NULL
2337445,NULL
2337404,NULL
2338340,NULL
2338365,NULL
2338078,NULL
2338791,NULL
2338785,NULL
2338737,NULL
2338742,NULL
2338513,NULL
2338502,NULL
2338483,NULL
2338634,NULL
2338620,NULL
2337566,NULL
2337478,NULL
2337462,NULL
2337305,NULL
2337850,NULL
2337841,NULL
2205324,HKG20PrdApp07-01
2195377,BL3PrdApp02-02
2193923,BL3PrdApp09-02
2300705,GRN01PrdApp02-01
2303031,NULL
2194127,DM1PrdApp01-02
925748,AM3PrdDDC07
774291,BY3PrdDDC01
925749,DB4PrdDDC06
2195469,BY1PrdApp04
2194022,BL2PrdApp03
2206029,BL6PrdStp04
2267007,BLAPrdStp01
2337714,NULL
2337606,NULL
2337649,NULL
2337634,NULL
2338297,NULL
2338275,NULL
2338200,NULL
2338203,NULL
2338002,NULL
2338034,NULL
2338044,NULL
2338116,NULL
2337925,NULL
2337919,NULL
2338790,NULL
2338793,NULL
2337454,NULL
2337310,NULL
2337509,NULL
2337537,NULL
2337329,NULL
2337359,NULL
2338566,NULL
2338567,NULL
2338609,NULL
2338583,NULL
2338098,NULL
2338651,NULL
2338108,NULL
2337600,NULL
2337626,NULL
2337652,NULL
2337693,NULL
2337449,NULL
2337736,NULL
2338416,NULL
2337956,NULL
2338343,NULL
2338346,NULL
2338422,NULL
2337975,NULL
2338060,NULL
2338005,NULL
2338007,NULL
2338086,NULL
2338095,NULL
2338133,NULL
2337477,NULL
2337524,NULL
2337574,NULL
2337545,NULL
2337397,NULL
2337388,NULL
2337382,NULL
2337302,NULL
2337307,NULL
2337780,NULL
2337847,NULL
2337837,NULL
2337684,NULL
2337691,NULL
2337716,NULL
2338507,NULL
2338528,NULL
2338428,NULL
2338605,NULL
2338825,NULL
2338792,NULL
2338738,NULL
2338743,NULL
2338629,NULL
2337891,NULL
2337845,NULL
2337572,NULL
2337727,NULL
2338744,NULL
2338504,NULL
2338217,NULL
2338104,NULL
2337877,NULL
2337848,NULL
2337836,NULL
2337907,NULL
2337441,NULL
2338211,NULL
2337947,NULL
2338068,NULL
2338069,NULL
2338048,NULL
2338238,NULL
2337728,NULL
2337772,NULL
2338387,NULL
2338358,NULL
2337540,NULL
2337630,NULL
2338453,NULL
2338787,NULL
2338816,NULL
2337868,NULL
2338450,NULL
2338537,NULL
2338722,NULL
2338750,NULL
2338125,NULL
2338016,NULL
2338266,NULL
2338383,NULL
2337762,NULL
2338420,NULL
2338291,NULL
2338347,NULL
2338273,NULL
2338281,NULL
2337876,NULL
2338145,NULL
2338179,NULL
2338023,NULL
2338084,NULL
2338800,NULL
2338798,NULL
2338451,NULL
2338780,NULL
2338604,NULL
2338631,NULL
2337289,NULL
2337647,NULL
2337629,NULL
2337430,NULL
2338437,NULL
2338485,NULL
2337517,NULL
2337664,NULL
2337699,NULL
2337720,NULL
2337625,NULL
2337608,NULL
2337485,NULL
2337493,NULL
2337578,NULL
2337672,NULL
2337579,NULL
2337824,NULL
2337897,NULL
2337909,NULL
2338323,NULL
2338339,NULL
2338321,NULL
2338180,NULL
2338337,NULL
2338210,NULL
2338303,NULL
2337914,NULL
2337895,NULL
2337539,NULL
2337556,NULL
2337311,NULL
2337318,NULL
2337287,NULL
2337796,NULL
2337763,NULL
2337599,NULL
2338691,NULL
2338470,NULL
2337394,NULL
2338175,NULL
2337846,NULL
2337706,NULL
2338656,NULL
2338760,NULL
2337415,NULL
2338696,NULL
2338219,NULL
2338220,NULL
2338225,NULL
2338244,NULL
2329563,NULL
2194757,LN1PrdApp13
2195151,CY4PrdApp13
2193871,DM5PrdApp19
2153744,DB3PrdApp11
2194132,AMS06PrdApp08
2195814,BYAPrdStr06
2196187,BYAPrdStr10
2196329,BL6PrdStr12
2196314,BL6PrdStr10
2196131,BYAPrdStr13
2196182,CHAPrdStr05
2195829,BL6PrdStr09
2195982,BYAPrdStr08
2195930,BL6PrdStr04
2195983,BYAPrdStr09
2195363,BZ6PrdApp09
2195154,MWH01PrdApp11
2194400,DM5PrdApp18
2195463,SG2PrdApp36
2184779,DB3PrdApp12
2147662,DB3PrdApp14
2195376,SN4PrdApp22
2194133,YT1PrdApp07
2194396,BLAPrdApp11
2183146,DB3PrdApp16
2148453,AM5PrdApp52
2291866,DZ5PrdStp03
2207738,MWH01PrdStp09
2256833,BZ6PrdStp11
2206588,DM5PrdStp04
2329198,NULL
2329077,NULL
2300233,NULL
2338169,NULL
2338304,NULL
2337688,NULL
2338118,NULL
2337446,NULL
2337291,NULL
2338768,NULL
2338832,NULL
2338717,NULL
2338538,NULL
2338664,NULL
2338461,NULL
2338289,NULL
2338164,NULL
2338233,NULL
2337721,NULL
2337687,NULL
2337831,NULL
2337816,NULL
2337981,NULL
2338131,NULL
2337724,NULL
2338456,NULL
2337381,NULL
2338372,NULL
2338229,NULL
2337809,NULL
2337781,NULL
2337487,NULL
2337791,NULL
2338231,NULL
2338235,NULL
2338170,NULL
2337991,NULL
2338089,NULL
2337820,NULL
2337864,NULL
2337703,NULL
2337553,NULL
2337376,NULL
2338558,NULL
2338842,NULL
2338480,NULL
2338370,NULL
2337315,NULL
2337375,NULL
2337740,NULL
2337935,NULL
2337448,NULL
2337442,NULL
2338019,NULL
2337631,NULL
2337715,NULL
2337852,NULL
2338165,NULL
2338185,NULL
2338186,NULL
2338279,NULL
2337674,NULL
2337856,NULL
2338293,NULL
2338306,NULL
2338324,NULL
2337481,NULL
2338103,NULL
2338150,NULL
2338227,NULL
2338589,NULL
2338784,NULL
2338678,NULL
2338724,NULL
2337808,NULL
2337797,NULL
2337978,NULL
2338735,NULL
2338258,NULL
2338267,NULL
2338719,NULL
2338830,NULL
2338614,NULL
2338763,NULL
2338401,NULL
2338161,NULL
2337759,NULL
2338618,NULL
2338495,NULL
2338530,NULL
2337575,NULL
2337844,NULL
2337297,NULL
2337324,NULL
2337361,NULL
2338555,NULL
2337618,NULL
2337533,NULL
2338853,NULL
2338579,NULL
2338709,NULL
2338613,NULL
2338435,NULL
2337534,NULL
2337360,NULL
2338708,NULL
2338427,NULL
2338473,NULL
2338661,NULL
2338494,NULL
2338499,NULL
2337635,NULL
2338417,NULL
2338284,NULL
2338004,NULL
2337882,NULL
2337887,NULL
2338741,NULL
2338754,NULL
2338720,NULL
2338864,NULL
2338525,NULL
2338547,NULL
2338644,NULL
2338645,NULL
2338649,NULL
2338653,NULL
2338700,NULL
2338694,NULL
2338836,NULL
2338827,NULL
2338592,NULL
2338588,NULL
2338612,NULL
2337336,NULL
2337316,NULL
2337308,NULL
2337366,NULL
2337423,NULL
2337571,NULL
2337562,NULL
2337546,NULL
2337543,NULL
2337555,NULL
2337527,NULL
2337504,NULL
2337790,NULL
2337754,NULL
2337730,NULL
2337813,NULL
2337814,NULL
2337827,NULL
2337833,NULL
2337663,NULL
2337726,NULL
2337455,NULL
2337719,NULL
2337588,NULL
2338121,NULL
2338124,NULL
2338042,NULL
2338050,NULL
2337917,NULL
2337904,NULL
2338205,NULL
2338182,NULL
2338178,NULL
2338198,NULL
2337892,NULL
2337890,NULL
2337948,NULL
2338419,NULL
2338396,NULL
2338285,NULL
2338319,NULL
2338371,NULL
2338381,NULL
2338355,NULL
2338834,NULL
2338704,NULL
2329955,NULL
2196279,DZ5PrdStr14
2306533,AMS20PrdStr05
2292766,NULL
2322193,NULL
2195246,CBY07PrdApp01-01
2206569,PHX20AzFApp05
2205657,CO2PrdApp02-01
2207772,BZ7PrdApp06-01
2338729,NULL
2338443,NULL
2338429,NULL
2338690,NULL
2337425,NULL
2337367,NULL
2337405,NULL
2337351,NULL
2337286,NULL
2337771,NULL
2337811,NULL
2337591,NULL
2337598,NULL
2338162,NULL
2337990,NULL
2337959,NULL
2337954,NULL
2337862,NULL
2337886,NULL
2337881,NULL
2337901,NULL
2338141,NULL
2338047,NULL
2338073,NULL
2338102,NULL
2338107,NULL
2337997,NULL
2337998,NULL
2337982,NULL
2337986,NULL
2337972,NULL
2338398,NULL
2337913,NULL
2338012,NULL
2337597,NULL
2337783,NULL
2337784,NULL
2337374,NULL
2337424,NULL
2337552,NULL
2337480,NULL
2337444,NULL
2338654,NULL
2338469,NULL
2338833,NULL
2338550,NULL
2338541,NULL
2338536,NULL
2338531,NULL
2337834,NULL
2338509,NULL
2338814,NULL
2338859,NULL
2338642,NULL
2338582,NULL
2337484,NULL
2337560,NULL
2337330,NULL
2337332,NULL
2337389,NULL
2337304,NULL
2337795,NULL
2337798,NULL
2337830,NULL
2337832,NULL
2338237,NULL
2338243,NULL
2338215,NULL
2338166,NULL
2329985,NULL
2337651,NULL
2338154,NULL
2338088,NULL
2307280,NULL
2300234,LN1PrdStr06
2265843,TY1PrdStr07
2295912,NULL
2321398,NULL
2300689,NULL
2147219,YT1PrdApp15-01
2320618,NULL
2194412,BYAPrdApp27
2195468,BY1PrdApp02
2195047,CBZ06PrdApp01-01
2195148,BL3PrdApp04-02
2322313,NULL
2322673,NULL
2264083,BY2PrdApp03-02
2301264,NULL
2303040,NULL
2325577,NULL
2194728,AM3PrdApp03-02
2300666,NULL
2195641,BY3PrdApp02-02
2195144,BL2PrdApp06
2194761,AM3PRdApp04-02
2195147,DB3PrdApp15
2194544,BL6PrdApp18
2147668,BY1PrdApp10-02
2195150,CH1PrdApp06-02
2193917,AM3PrdApp05-02
2194021,BL7PrdApp13
2194452,BY2PrdApp04-02
2195149,BL3PrdApp06-02
2195640,HKNPrdApp05-02
2267731,AM3PrdApp11-02
2303034,NULL
2303035,NULL
2194125,AMS20PrdApp08
2194475,AM3PrdApp09-02
2303033,RED01PrdApp01-01
2338510,NULL
2337577,NULL
2338314,NULL
2338713,NULL
2338472,NULL
2337750,NULL
2337602,NULL
2341239,NULL
2341241,NULL
2341250,NULL
2341251,NULL
2341252,NULL
2341253,NULL
2341254,NULL
2341325,NULL
2338334,NULL
2337616,NULL
2296292,NULL
2296293,NULL
2291782,NULL
2256854,BYCPrdStp01
2295943,AMS06PrdStp04
2291755,DZ6PrdStp02
2194385,CQ2PrdApp11-01
2195357,BZ7PrdApp01-01
2202270,SYD23PrdApp01-01
2291801,SYD23PrdApp01-02
2296111,TYO22PrdApp01-01
2206488,MEL20PrdApp03-01
2194369,SIN20PrdApp01-01
2337782,NULL
2337807,NULL
2338312,NULL
2338356,NULL
2337967,NULL
2337934,NULL
2337871,NULL
2338242,NULL
2338615,NULL
2337510,NULL
2337976,NULL
2338330,NULL
2338684,NULL
2337642,NULL
2337778,NULL
2338322,NULL
2337987,NULL
2338113,NULL
2337408,NULL
2337563,NULL
2337544,NULL
2338668,NULL
2337884,NULL
2337641,NULL
2338147,NULL
2338013,NULL
2338259,NULL
2337704,NULL
2338001,NULL
2337839,NULL
2338675,NULL
2338677,NULL
2338718,NULL
2338773,NULL
2338446,NULL
2338114,NULL
2338746,NULL
2337939,NULL
2337994,NULL
2338327,NULL
2338030,NULL
2337395,NULL
2337471,NULL
2338129,NULL
2337682,NULL
2337946,NULL
2338493,NULL
2338290,NULL
2337633,NULL
2338099,NULL
2338805,NULL
2338686,NULL
2338115,NULL
2338310,NULL
2337548,NULL
2337384,NULL
2337352,NULL
2338070,NULL
2338017,NULL
2337863,NULL
2337894,NULL
2338000,NULL
2338025,NULL
2338192,NULL
2338226,NULL
2338214,NULL
2337712,NULL
2337586,NULL
2337551,NULL
2337403,NULL
2337378,NULL
2338870,NULL
2338689,NULL
2337568,NULL
2338749,NULL
2338489,NULL
2338492,NULL
2338843,NULL
2338490,NULL
776178,DM2AzfStr01
709321,BN1AzfDDC01
776195,DM2AzfDDC01
2266446,NULL
2263530,LN1PrdApp08
2263796,NULL
2257212,BYAPrdApp30
2337966,NULL
2337422,NULL
2337818,NULL
2338465,NULL
2338282,NULL
2337500,NULL
2338674,NULL
2338822,NULL
2338476,NULL
2338846,NULL
2337787,NULL
2337670,NULL
2337469,NULL
2338600,NULL
2337903,NULL
2338066,NULL
2337345,NULL
2338053,NULL
2337407,NULL
2337564,NULL
2338599,NULL
2338680,NULL
2337957,NULL
2338344,NULL
2338400,NULL
2337718,NULL
2341238,NULL
2341245,NULL
2341326,NULL
2341327,NULL
2341328,NULL
2341329,NULL
2263528,NULL
2135481,CHAPrdApp01-02
2183060,PN1PrdApp06-01
2194150,CW1PrdApp05-01
2205375,LN1PrdApp18-01
2296585,MA1PrdApp08-01
2292165,MEL20PrdApp02-01
2205495,DZ6PrdApp02-01
2336025,NULL
2205650,MWH01PrdStp03
2206399,CY4PrdStp03
2207703,BZ6PrdStp09
2194131,BN6PrdStp05
2330101,NULL
2260144,SIN20PrdApp03-01
2193934,OSA20PrdApp01-01
2299097,AMS20PrdStr04
2195153,MEL20PrdApp02
2300123,NULL
2195145,AMS06PrdApp04
2305921,NULL
2300629,NULL
2300965,NULL
2206480,NULL
2208580,BM1PrdApp09-01
2299101,BZ6PrdStr20
2196133,BZ6PrdStr19
2196177,BYAPrdStr15
2207645,YQ1PrdApp07-01
2207935,BL6PrdStr13
709228,SN3PrdApp07
2002217,BY3PrdApp11
2000250,AM3PrdApp19
2337912,NULL
2337538,NULL
2338389,NULL
2337952,NULL
2337479,NULL
2337822,NULL
2337604,NULL
2337609,NULL
2338442,NULL
2337922,NULL
2337587,NULL
2337535,NULL
2337766,NULL
2338468,NULL
2208120,DM5PrdStr10
2292286,NULL
2255070,ML1PrdStr06
2257521,DB3PrdStr11
2263880,DB3PrdStr09
2208550,CHAPrdStr03
2263254,AMS20PrdStr02
2208143,CQ2PrdStr03
2208514,BZ6PrdStr14
2296313,NULL
2321304,NULL
2256551,BLUPrdStr01
2204802,AM5PrdStr15
2208552,SN4PrdStr10
2208557,BYAPrdStr12
2196136,SN4PrdStr15
2208115,DM5PrdStr11
2208493,BZ6PrdStr13
2296312,NULL
2306794,NULL
2208250,SN4PrdStr11
2257523,DB3PrdStr10
2291879,NULL
2208157,TY1PrdStr05
2322339,NULL
2252268,NULL
2195155,AMS06PrdApp10
2195378,AMS06PrdApp07
2194543,AMS06PrdApp05
2194491,AMS06PrdApp03
2255669,NULL
2253021,NULL
2205660,MWH02PrdApp01-05
2252561,NULL
2253019,NULL
2328884,NULL
2255670,NULL
2329206,NULL
2329768,NULL
2330114,NULL
2255680,NULL
2255675,NULL
2195172,SN5AzFApp05
2321431,NULL
2322756,NULL
2322710,NULL
2322430,NULL
2320819,NULL
2255987,NULL
2292928,NULL
2255681,NULL
2194763,MWH02PrdApp03
2193890,DM5PrdDDC06
2195661,CHAPrdStr06
2195710,MWH02PrdStr02
2195924,BL6PrdStr05
2195985,BYAPrdStr05
2208460,PAR21PrdStr03
2305847,NULL
2267338,MRS20PrdStr03
2257431,SY3PrdStr08
2257469,ML1PrdStr08
2206655,SYD23PrdApp02-01
2206344,NULL
2207126,LN1PrdApp19-01
2207768,PS1PrdApp03-01
2292242,TY1PrdApp19-01
2322730,NULL
2291642,OSA20PrdApp03-01
2206610,PAR20PrdApp03-01
2330038,NULL
2195080,CQ2PrdApp08-01
2300843,NULL
2196322,SN4PrdStr08
2196326,BL6PrdStr07
2206658,SIN20PrdApp02-01
709221,BL3PrdApp02
709216,SN1PrdApp03Agg05
2263881,AMS06PrdStr08
2292008,NULL
2321330,NULL
2195950,BZ6PrdStr10
2267734,HKG20PrdStr02
2196110,CQ2PrdStr04
2263686,DM5PrdStr13
2208114,SN4PrdStr14
2307743,NULL
2196050,YT1PrdStr05
2257375,DM5PrdStr12
2291954,BZ7PrdStr07
2322128,NULL
2291925,OSA20PrdStr04
2208069,CHAPrdStr02
2292172,NULL
2321735,NULL
2207728,MWH01PrdStp04
2207718,BZ6PrdStp12
2205523,BZ6PrdStp10
2338250,NULL
2338603,NULL
2337770,NULL
2337461,NULL
2338391,NULL
2337775,NULL
2337656,NULL
2338479,NULL
2337915,NULL
2338759,NULL
2338253,NULL
2338379,NULL
2337610,NULL
2337350,NULL
2337858,NULL
2337314,NULL
2338799,NULL
2338221,NULL
2338184,NULL
2338188,NULL
2338577,NULL
2337349,NULL
2338802,NULL
2337473,NULL
2207763,CBN06PrdStp01
2194628,MWH01PrdStp05
2263958,MWH01PrdStp07
2206507,ML1PrdStp03
2205644,CQ2PrdStp03
845653,CH1PrdStr01
845656,CH1PrdStr02
845657,CH1PrdStr03
845637,HKNPrdStr01
845648,SN1PrdStr03
2341779,NULL
2337387,NULL
2338240,NULL
2338143,NULL
2337486,NULL
2338839,NULL
2338270,NULL
2338801,NULL
2337675,NULL
2338775,NULL
2337928,NULL
2337421,NULL
2337748,NULL
2338046,NULL
2338854,NULL
2338187,NULL
2338418,NULL
2341781,NULL
2341780,NULL
938944,AM3PrdDDC05
938939,HK2PrdDDC02
708973,SY3PrdDDC01
708972,ML1PrdDDC01
766684,AM3PrdDDC06
766669,SG3PrdDDC02
709101,DB4PrdDDC04
2206443,SG2PrdApp39-01
2195078,SN6PrdApp02-01
2207060,CW1PrdApp08-01
2296588,CW1PrdApp09-01
2207059,NULL
2205353,PN1PrdApp07-01
2208578,CDM05PrdApp02-01
2195461,BL7PrdApp15
2153456,BL7PrdApp16
2194033,BL7PrdApp10
2184802,DUB20PrdApp01
2300195,NULL
2322311,NULL
2195467,DM1PrdApp02-02
2147236,MWH02PrdApp01-01
2300029,NULL
2153463,BL7PrdApp03
2195460,HKNPrdApp04-02
2195160,BL7PrdApp09
2300604,NULL
2132721,NULL
2207710,BYAPrdStp08
2292065,AMS06PrdStp03
2207705,BYCPrdStp03
2196129,SY3PrdStr06
2196179,BYAPrdStr04
2321172,NULL
2322603,NULL
2292137,NULL
2292486,TY1PrdStr08
2296057,MEL20PrdStr02
2337303,NULL
2338403,NULL
2337752,NULL
2338421,NULL
2337419,NULL
2338753,NULL
2338256,NULL
2338008,NULL
2338423,NULL
2338380,NULL
2300988,NULL
2322700,NULL
2321720,NULL
2322513,NULL
2267788,DUB20PrdStp02
2322574,NULL
2292184,BL7PrdStp02
2337145,NULL
2301119,NULL
2287741,NULL
2337290,NULL
2338018,NULL
2338408,NULL
2337582,NULL
2337489,NULL
2337452,NULL
2337411,NULL
2337354,NULL
2338498,NULL
2337453,NULL
2338570,NULL
2338761,NULL
2341242,NULL
2341240,NULL
2341235,NULL
2341236,NULL
2341231,NULL
2341232,NULL
2341233,NULL
2337353,NULL
2338320,NULL
2338123,NULL
2338195,NULL
2337815,NULL
2338672,NULL
2338591,NULL
2338268,NULL
2338393,NULL
2337826,NULL
2337842,NULL
2338840,NULL
2338534,NULL
2338090,NULL
2338643,NULL
2338105,NULL
2338627,NULL
2338035,NULL
2337968,NULL
2338328,NULL
2337580,NULL
2337756,NULL
2337632,NULL
2338861,NULL
2291943,NULL
2321689,NULL
2295941,BLAPrdStp03
2288720,NULL
2196132,DM5PrdStr08
2195688,YQ1PrdStr04
2292587,NULL
2196044,SN4PrdStr07
2322084,AMS06PrdStr09
2266866,BZ7PrdStr05
2292009,BN7PrdStr01
2291588,NULL
2301154,DUB07PrdStr01
2194358,DZ5PrdApp11-01
2320010,NULL
2320984,NULL
2266354,BZ7PrdStr06
2300570,SN6PrdStr04
2195174,BYCPrdApp08-01
2321927,NULL
925951,BY3PrdApp05
991175,BL3PrdApp08
2000392,DM2PrdApp02
2000541,BN3PrdApp01
2000722,SN3PrdApp13
925922,CH3PrdApp10
766722,SN3PrdDDC04
774292,BY3PrdDDC03
2341228,NULL
2341229,NULL
2341230,NULL
2207638,BYCPrdApp11-01
2291976,SN6PrdStr03
2208436,BZ6PrdStr16
2292094,NULL
2195685,SN6PrdStr02
2263760,BZ7PrdStr02
2291660,NULL
2292427,DZ6PrdStr02
2001723,BN3PrdApp02
2000540,DM2PrdApp03
2001724,BY3PrdApp07
926035,CH3PrdApp11
742992,SN1PrdApp02
742993,SN1PrdApp03
743160,DB3PrdApp01
742996,SN2PrdApp06
766717,HK2PrdDDC03
697475,AM2PrdApp01
697476,AM2PrdApp02
803077,AM1PrdStr03
803082,AM1PrdStr04
697477,AM2PrdApp03
708860,SG1PrdApp07
697481,AM2PrdApp07
697478,AM2PrdApp04
708889,SG1PrdApp04
709078,DB3PrdApp08
721776,SG1PrdApp05
709080,DB3PrdApp09
697480,AM2PrdApp06
708887,SG1PrdApp03
697479,AM2PrdApp05
709330,CH1PrdHPC01
721779,HKNPrdApp04
708885,HKNPrdApp05
709292,CH1PrdApp14
697490,BY1PrdApp05
697491,BY1PrdApp06
709295,DM1PrdApp04
697492,BY1PrdApp07
709296,DM1PrdApp03
743587,DM1PrdApp02
743168,DM1PrdApp01
709191,BL2PrdApp08
743998,BL2PrdApp03
709285,BL2PrdApp07
743999,BL2PrdApp04
744000,BL2PrdApp05
709284,BL2PrdApp06
697482,AM2PrdDDC03
708901,SG1PrdDDC01
709147,DB3PrdStr05
708955,SG1PrdStr04
709150,AM2Prdstr06
697483,AM2PrdStr05
697496,AM2PrdStr02
709097,DB3PrdDDC03
709149,DB3PrdStr06
716458,BL2PrdStr02
708954,HKNPrdStr04
708956,HKNPrdStr05
708898,HKNPrdDDC01
708957,SG1PrdStr05
709344,BL2PrdDDC01
697493,BY1PrdDDC01
716484,DM1PrdStr01
679798,BY2PrdApp01
2000108,SH2PrdApp02
766721,AM3PrdDDC08
2000121,DB4PrdApp15
2000002,HK2PrdApp03
709112,DB4PrdApp18
2000248,AM3PrdApp15
2000127,DB4PrdDDC07
2000249,AM3PrdApp17
2000098,BJBPrdApp04
709017,DB4PrdApp13
708909,SG3PrdDDC03
2267484,AMS06PrdStr03
2300681,SG2PrdStr09
2292262,NULL
2208374,OSA20PrdStr03
2267072,SE1PrdStr03
2292388,BYCPrdStp05
2205372,TY1PrdStp06
2291869,NULL
2292193,NULL
2296415,NULL
2300592,NULL
2322208,NULL
2321593,NULL
2329970,NULL
2320486,NULL
2320487,NULL
2205641,AMS20PrdApp10-02
2194754,CQ2PrdApp06-01
2263477,NULL
2193856,TY1PrdApp17
2300542,TY1PrdApp18
2000366,OS1prdApp03
2000125,DB4PrdApp16
2002099,AM3PrdApp18
2001488,AM3PrdApp16
2000095,BJBPrdApp05
2194049,SG3PrdApp03-01
2321034,NULL
2206047,CW1PrdStp02
2300395,NULL
2307820,NULL
2257270,BZ7PrdApp05
926037,BY3PrdApp08
926036,BN1PrdDDC02
2000721,SN3PrdApp12
2000825,BY3PrdApp10
2000391,DM2PrdApp01
2268074,SN6PrdStr01
2205164,SN6PrdApp03-01
2207637,DUB20PrdApp03-01
679799,BY2PrdApp02
743258,BY1PrdApp09
743257,BY1PrdApp08
679800,BY2PrdApp03
679830,DB4PrdApp01
679825,AM3PrdApp02
679833,AM3PrdApp04
679834,DB4PrdApp03
679832,AM3PrdApp03
679859,HKNPrdApp07
2337705,NULL
2337401,NULL
2338006,NULL
2337412,NULL
2338315,NULL
2338171,NULL
2338345,NULL
2338335,NULL
2337788,NULL
2338392,NULL
2337343,NULL
2337594,NULL
2337429,NULL
2338395,NULL
2338432,NULL
2337906,NULL
2338824,NULL
2338652,NULL
2337368,NULL
679827,AM3PrdApp01
679835,DB4PrdApp04
679845,DB4PrdApp06
679841,AM2PrdApp08
679883,SG1PrdStr09
679857,HKNPrdStr07
709146,AM3PrdStr06
679855,HKNPrdStr08
679882,SG1PrdStr08
679884,SG1PrdStr07
709153,DB4PrdStr06
708961,SG1PrdStr11
709123,DB4PrdStr02
679881,SG1PrdStr06
709133,AM3PrdStr03
679842,DB4PrdStr01
709124,AM3PrdStr04
679824,AM2PrdStr07
708960,HKNPrdStr11
679854,HKNPrdStr06
709154,AM3PrdStr05
679856,HKNPrdStr09
709143,DB4PrdStr04
709144,AM3PrdStr02
708950,SG1PrdStr10
679829,DB3PrdStr07
709134,DB4PrdStr03
708953,HKNPrdStr10
679794,BL2PrdDDC03
709345,BL2PrdDDC04
716473,BN1PrdStr01
679795,BL2PrdApp09
679796,BL2PrdApp11
679792,BL2PrdApp10
679802,BL2PrdApp12
709348,CH1PrdDDC03
709342,DM1PrdDDC01
709353,SN1PrdDDC01
679789,DM1PrdStr02
679803,DM1PrdStr07
679809,DM1PrdStr04
679797,DM1PrdStr03
679801,DM1PrdStr05
679860,BN1PrdStr03
679862,BN1PrdStr04
679864,BN1PrdStr06
679880,BN1PrdStr02
679863,BN1PrdStr05
708997,AM3PrdApp07
708978,SHAPrdApp02
708999,AM3PrdApp09
709000,DB4PrdApp08
709010,AM3PrdApp10
708886,HKNPrdApp06
708979,BJBPrdApp02
708998,DB4PrdApp07
2194678,AMS06PrdApp15-01
2206571,HKG20PrdApp04-01
2300793,NULL
2321379,NULL
2301391,NULL
2195800,BZ6PrdStr17
2208562,DZ5PrdStr12
709331,DM1PrdXts01
709333,BN1PrdXts01
2263759,DZ5PrdStr15
2195949,BZ6PrdStr09
2208113,DB6PrdStr12
2208395,SY3PrdStr07
2267797,DB3PrdStr13
2195926,BLAPrdStr02
2264134,CY4PrdSDF01
2264565,CDM05PrdStr02
2263252,HK2PrdStr07
2208155,OS1PrdStr02
2195898,BYAPrdStr11
2263251,SG2PrdStr06
2264564,CBZ06PrdStr01
2196137,BL6PrdStr14
2255671,NULL
2255683,NULL
2255668,NULL
2255677,NULL
2255678,NULL
2255679,NULL
2294782,NULL
2294779,NULL
2303021,NULL
2303012,NULL
2205610,SN2PrdApp15-05
2303016,NULL
2303017,NULL
2252267,BYCPrdApp01-05
2294784,CY4PrdApp06-05
2303018,NULL
2303019,NULL
2303020,NULL
2252563,NULL
2253363,BL6PrdApp12-05
2252947,NULL
2256548,NULL
2252269,NULL
2194001,AMS06PrdApp12
2194702,AMS06PrdApp02
2184347,AMS20PrdApp02
2194762,AMS06PrdApp11
2195399,AMS20PrdApp03
2194704,DUB20PrdApp02
2194258,AMS06PrdApp06
2292514,BZ7PrdStp02
2295946,CBN07PrdStp01
2207380,AMS20PrdStp01
2296416,NULL
2204821,NULL
2207704,MWH02PrdStp02
2205134,AMS20PrdStp02
2300957,NULL
2207717,DZ6PrdStp01
2194397,BZ7PrdStp01
2296035,SYD23PrdStp03
2267371,SYD23PrdStp02
2256978,SYD23PrdStp01
2300086,MEL20PrdStp01
2320617,SIN20PrdApp04-01
2206548,AMS06PrdStp01
2321287,NULL
2322119,NULL
2322442,NULL
2263253,AMS06PrdStr02
2194483,CHI21PrdApp01-05
2194166,MRS20PrdApp02-01
2325543,NULL
2325544,NULL
2195471,GRN01PrdApp01-01
2195079,PAR21PrdApp02-01
2267944,AMS06PrdStr01
2207119,NULL
2303806,NULL
2303807,NULL
2207120,NULL
2322398,NULL
2322081,NULL
2321697,NULL
2321249,NULL
2292353,NULL
2303798,NULL
2303799,NULL
2300533,NULL
2194472,PAR21PrdApp01-01
2194295,RED01PrdApp01-01
2303805,NULL
2208084,PAR22PrdStr01
2303802,NULL
2208151,NULL
2260929,NULL
2322736,NULL
2321481,NULL
2208152,NULL
2303810,NULL
2303808,NULL
2303800,NULL
2208394,NULL
2204800,MRS20PrdStp01
2204801,NULL
2300263,RED01PrdStp01
2295953,GRN01PrdStp01
2301409,SHA20PrdStp01
2268112,MRS20PrdStr02
2263262,GRN01PrdStr01
2263245,RED01PrdStr01
2321953,NULL
2321604,NULL
2260930,NULL
2206652,PAR22PrdStp01
2301300,NULL
2195171,PAR20PrdApp02-01
2207122,PAR22PrdApp02-01
2301426,NULL
2204807,PAR20PrdStp01
2305848,NULL
2322614,NULL
2322026,NULL
2294727,SHAPrdApp03-01
2327997,NULL
2195466,BN1AzFApp01-03
2321806,NULL
2205326,FR1PrdApp11-01
2296317,LG1PrdApp05-01
2321653,NULL
2329278,NULL
776166,BN1AzfApp01
776167,DM2AzfApp01
2195643,BN1AzFApp08
2196135,BN1AzFStr04
776177,BN1AzfStr01
2292315,NULL
2255617,LO1PrdStp01
2255614,MM1PrdStp01
2208251,SH3PrdStr01
2291568,BJBPrdStr04
2301292,NULL
2321413,NULL
2305920,NULL
2291653,NULL
2292248,NULL
2303847,SN4PrdStp05
2154591,BN6PrdStr17
2196389,SN4PrdStr18
2195364,MWH02TstApp01-01
2303813,NULL
926058,BY3TstStr01
2329798,NULL
2329866,NULL
2329210,NULL
2268128,NULL
2201439,AMS20PrdApp11
2328889,NULL
2329832,NULL
2305858,BLAPrdApp13
2292366,SN4PrdStr16
2295122,PAR22PrdStr03
2299636,CBN07PrdStr01
2206524,MA1PrdDWS01
2207663,BLAPrdApp07
2208665,NULL
2208669,NULL
2266897,PAR21PrdStr01
2256553,NULL
2256554,NULL
2208667,NULL
2208666,NULL
2205071,NULL
2208668,NULL
2207664,MWH01PrdApp14-01
2194630,MWH01PrdApp14-03
2206546,MWH01PrdApp14-02
2207121,AMS20PrdApp04-01
2257128,LN1PrdGPZ01
2207118,AMS20PrdApp04-02
2205309,BZ6PrdApp17-01
2299552,NULL
2205661,NULL
2253370,NULL
2253333,NULL
2322139,NULL
2303013,NULL
2321640,NULL
2322709,NULL
2206550,SYD23PrdGPC01
925950,SN3TstApp09
2327999,NULL
2328000,NULL
2303790,NULL
2132729,AM5TstAppXX
2132738,NULL
2132731,DB3PrdAppXX
2132726,NULL
2132727,NULL
2132725,NULL
2132741,DM2PrdAppXX
2132724,CO1TstAppXX
2132734,NULL
2132735,NULL
2132733,CO1TstAppXX
2132736,NULL
2132728,AM3PrdAppXX
2132730,DB3PrdAppXX
2132716,NULL
2132713,CO1TstAppXX
2132714,NULL
2132718,AM5TstAppXX
2132719,DB3PrdAppXX GEN4 Test)
2132720,DB3PrdAppXX
2132709,AM4PrdApp17
2132722,NULL
2132717,AM3PrdAppXX
2132739,NULL
2132723,NULL
2132742,DM2PrdAppXX
2132737,SG2PrdApp19
2132732,NULL
2132740,NULL
2132715,NULL
2132703,NULL
2321587,NULL
2321525,NULL
2321562,NULL
2322387,NULL
2321688,NULL
2322008,NULL
2322577,NULL
2299551,NULL
2292337,NULL
2329390,NULL
2338311,NULL
2341215,NULL
2341216,NULL
2322641,NULL
2321922,NULL
2322171,NULL
2341212,NULL
2341213,NULL
2322678,NULL
2321637,NULL
2322226,NULL
2321541,NULL
2322113,NULL
2321368,NULL
2258249,NULL
2322326,NULL
2258257,BZ6PrdSDF02
2300076,NULL
2300511,NULL
2294818,AMS20PrdApp12
2321595,NULL
2301118,NULL
2301031,NULL
2303025,NULL
2299677,NULL
2264566,NULL
2299679,NULL
2299678,NULL
2325584,NULL
2303026,NULL
2264082,NULL
2263526,CW1PrdApp01-05
2256795,NULL
2256988,NULL
2207528,AMS06PrdGPC01
2328632,NULL
2307627,NULL
2321187,BLAPrdGPC04
2264133,BN6PrdSDF02
2255674,NULL
2189386,MW1P
2320647,NULL
2320648,NULL
2321474,NULL
2322098,NULL
2329440,NULL
2196378,MWH01PrdStr09
2196217,CBN06PrdStr02
2299102,CBN07PrdStr01
2195798,DM5PrdStr16
2299099,DZ5PrdStr16
2207553,SN6PrdGPC01
2256968,SN4PrdGPC04
2322386,NULL
2322136,MWZ02PrdGPZ01
2329018,NULL
2321475,NULL
2257059,BLAPrdGPZ02
2328652,NULL
2329975,NULL
2321343,NULL
2196181,CY4PrdStr11
2204824,PAR03P
2208626,DSM01P
2193234,PS1P
2208657,AMS01P
2006742,DM3P
2006723,BN3P
2189505,LN2P
2006743,BN3N
2196619,BN1N
2204803,PAR01P
2208632,BN01P
2208633,BN02P
2201385,BL6P
2193233,SE1P
2208627,DMS02P
2006724,DM2P
2208651,DUB01P
2201384,BY01P
2006740,SG2P
2204850,CPQ01P
2006737,SH1N
2006727,DB3P
2300083,NULL
2299946,NULL
2322685,NULL
2301168,NULL
2322526,NULL
2305853,NULL
2300209,NULL
2321718,NULL
2321382,NULL
2300403,NULL
2321901,NULL
2321137,NULL
2322385,NULL
2322596,NULL
2301187,NULL
2300579,NULL
2305849,NULL
2321235,NULL
2299943,NULL
2328925,NULL
2329874,NULL
2337615,NULL
2337309,NULL
2337490,NULL
2337383,NULL
2337346,NULL
2337665,NULL
2338460,NULL
2338548,NULL
2337926,NULL
2338079,NULL
2338037,NULL
2338666,NULL
2338844,NULL
2337636,NULL
2337723,NULL
2337567,NULL
2337937,NULL
2337299,NULL
2338831,NULL
2338454,NULL
2338837,NULL
2338657,NULL
2338514,NULL
2337980,NULL
2337767,NULL
2338860,NULL
2337450,NULL
2337464,NULL
709329,BY3PrdHPC01
709327,SN3PrdHPC01
709328,BL3PrdHPC01
709178,KW1PrdHPC01
709091,AM3PrdHPC01
709092,DB4PrdHPC01
2338092,NULL
2337494,NULL
2338010,NULL
2337933,NULL
2338368,NULL
2338272,NULL
2338745,NULL
2338032,NULL
2337526,NULL
2337679,NULL
2337707,NULL
2338777,NULL
2338698,NULL
2337902,NULL
2338280,NULL
2337971,NULL
2337777,NULL
2338318,NULL
2338201,NULL
2338122,NULL
2337470,NULL
2338769,NULL
2338685,NULL
2301432,NULL
2301193,NULL
2300861,NULL
2294778,BLAPrdApp12
2321960,NULL
2301178,NULL
2325540,NULL
2294819,MWH01PrdApp21
2294820,SG2PrdApp37
2321499,NULL
2322118,NULL
2321370,NULL
2322418,NULL
2300672,NULL
2341814,NULL
2341815,NULL
2341808,NULL
2341809,NULL
2341810,NULL
2341811,NULL
2201389,HKG01P
2208648,PAR02P
2298924,BN1N
2253662,SN6PrdHPC01
2255682,NULL
2255684,NULL
2321429,NULL
2291535,SYD23PrdApp05
2291534,MA1PrdApp09
2291536,OSA20PrdApp05
2305857,PN1PrdApp08
2296644,TY1PrdApp20
2329690,NULL
2329565,NULL
2292265,NULL
2295529,SG2PrdApp40
2186122,BN3N
2329952,NULL
2306407,AMS06PrdGPC03
2268672,NULL
2307529,MWZ02PrdGPC01
2306788,MWZ02PrdGPC04
2306400,NULL
2306176,BLAPrdGPC03
2306495,NULL
2294790,NULL
2294791,NULL
2294821,NULL
2294822,NULL
2306837,NULL
2306373,AMS06PrdGPC02
2319916,NULL
2306514,MWZ02PrdGPC03
2307386,BLAPrdGPC02
2321132,NULL
2321588,NULL
2322156,NULL
2321830,NULL
2328001,NULL
2328885,NULL
2327980,NULL
2299103,BZ7PrdStr04
2006744,AMS04
2006736,BJ1N
2006721,BY3P
2189387,CY4P
2196620,SN5N
2201386,PHX01N
2201387,CHI01P
2189506,CW2P
2321454,NULL
2322589,NULL
2298897,MWZ02PrdGPM02
2298898,MWZ02PrdGPM03
2260001,MWH01PrdGPC05
2307397,AMS06PrdGPM01
2307689,AMS06PrdGPM02
2306881,SG2PrdGPM01
2307759,BLAPrdGPM01
2298896,MWZ02PrdGPM01
2307424,SN6PrdGPC02
2291550,ML1P
2260925,MRS01P
2298919,MA1P
2298920,PS1P
2264142,BJS01N
2298923,CW2P
2298921,PN1P
2291565,SYD01P
2291544,BJS01N
2333957,PN1P
2333970,MRS01P
2333964,LN2P
2333962,NULL
2333975,NULL
2333971,FR1N
2333972,TY1P
2333973,OSA01P
2303812,NULL
2264138,SHA01N
2298914,NULL
2291563,MEL01P
2260928,PAR02P
2298927,BM1P
2341812,NULL
2341813,NULL
2341816,NULL
2291558,QB1P
2260923,SHA01N
2264141,QB1P
2264901,CDM01P
2260927,PHX01N
2260921,SYD01P
2298913,SEL01P
2298912,CBN01P
2291562,NULL
2291538,MEL01P
2325541,CBR01P
2325542,CBR02P
2291537,CPQ01P
2264136,SHA01N
2264135,BL01P
2291540,BN1N
2291551,TO1P
2298915,SH1N
2291546,BL02P
2264137,QB1P
2260926,BL02P
2291555,SEL01P
2261402,CDM01P
2261403,CBN01P
2298918,LG1N
2298916,SH1N
2298917,SEL01P
2264147,CDM01P
2260924,TYO01P
2303804,TYO1P
2291543,HKG01P
2298922,DM3N
2298928,BL01P
2291549,CBN01P
2333974,CHI02P
2333961,TYO01P
2333963,SIN01P
2333965,CBR01P
2333966,CBR02P
2333967,SHA01N
2333968,BJ1N
2333969,BJS01N
2333958,DM3N
2333959,BN3N
2298911,CHI02P
2204817,OSA01P
2264140,LN2P
2291542,SIN01P
2291556,MA1P
2264903,BM1P
2264904,MWH02P
2264143,LG1N
2264144,MA1P
2291547,SN5N
2291557,LN2P
2264902,SN5N
2291541,CY4P
2291539,LG1N
2260922,TY1P
2291552,PN1P
2264145,PS1P
2291564,OSA01P
2303048,NULL
2291560,CW2P
2291561,BM1P
2303050,NULL
2264905,MWH01P
2264139,PHX01N
2291559,PS1P
2291548,AMS02P
2291545,SN01P
2264899,CW2P
2299098,DZ6PrdStr01
2260000,MWH01PrdGPM01
2186123,DM3N
2201440,LN1PrdApp15
2305856,MEL20PrdApp04
2322184,NULL
2322688,NULL
2295914,CY4PrdStr10
2294692,MWH02PrdStr04
2205162,SN4PrdGPZ03
2321135,NULL
2299966,CHI21PrdGPZ01
2207744,BZ7PrdGPZ01
2206530,AMS06PrdGPZ02
2321809,NULL
2205659,SN4PrdGPZ05
926057,SN3TstStr01
2299100,SIN20PrdStr01
2299096,DB6PrdStr13
2196034,SG2PrdStr08
2299095,DUB20PrdStr02
2207263,AMS06PrdGPZ03
2294823,SN4PrdApp27
2208644,BN3N
2208643,DUB02P
2201388,SG01P
2257541,SN01P
2264572,NULL
2298850,NULL
2207124,SG2PrdApp35-01
2208579,BLAPrdApp06
2208465,SG3PrdStr03
2321715,NULL
2303814,SN4PrdStr17
2196380,ML1PrdStr07
2257522,DB3PrdStr08
2208850,SN4PrdStr12
2196381,SG2PrdStr05
2296637,YQ1PrdStr06
2328473,NULL
2328472,NULL
2298851,NULL
2298848,NULL
2298849,NULL
2257527,AMS20PrdStr03
2260932,OSA20PrdStr02
2260931,TY1PrdStr09
2132754,NULL
2132755,NULL
2132756,NULL
2208459,PAR20PrdStr02
2296656,YT1PrdStr06
2142068,NULL
2142067,NULL
2328522,NULL
2336070,MWH02PrdStr05
2195929,MWZ02PrdStr01
2322544,NULL
2201438,BZ6PrdApp15
2005635,CQ1PrdApp03
925886,CQ1PrdApp02
2000727,BN3PrdApp03
2003665,BN3PrdApp07
2002960,BN3PrdDDC02
2002294,AM3PrdDDC09
2003687,SY3PrdApp02
2002568,TY1PrdApp02
2002952,DB4PrdDDC08
2000253,AM3PrdApp23
2003686,ML1PrdApp02
2000251,AM3PrdApp22
2003718,SY3PrdApp04
2002978,SN3PrdApp15
2000004,HK2PrdApp04
2000372,OS2PrdApp01
2003662,SN1PrdApp02Agg04
2002117,DM2PrdApp08
2002927,BY3PrdApp17
2000729,BN3PrdApp04
2002563,CH3PrdDDC04
2002957,BN3PrdApp05
2000724,DM2PrdApp04
2003697,DM2PrdApp06
2000817,BY3PrdApp16
2002102,BY3PrdApp12
2000481,BL3PrdApp10
2000726,BN3PrdStp01
2003651,BN3PrdDDC01
2002570,BL3PrdDDC02
2000352,TY1PrdDDC01
2003653,HK2PrdDDC04
2003654,SG3PrdDDC04
2003652,BY3PrdDDC05
2004974,SN3PrdApp14
2002208,BY3PrdApp15
2002220,BN3PrdApp06
2004975,BL4PrdDDC01
2003650,DB5PrdDDC01
2003060,BY4PrdApp01
2000482,BL4PrdApp01
2002567,OS2PrdDDC01
2000254,AM4PrdApp01
2001522,DB5PrdApp01
2000041,SG2PrdApp01
2005854,BL4PrdStr01
2002098,BN3PrdStr02
2005855,BY3PrdStr05
2002961,DM2PrdStr02
2002516,AM3PrdStr10
2000066,SG3PrdStr02
2002096,HK2PrdStr01
2005841,BN4PrdStr01
2002097,DM3PrdStr01
2002231,DB5PrdStr01
2000110,SH3PrdApp01
2004976,SN3PrdApp07-AddRack
2000828,BY3TstApp13B
2002061,BY3TstApp01
2000888,BN3TstApp11
2000889,BN3TstApp21
2000887,BN3TstApp01
679831,DB4PrdApp02
2000890,BN3TstStr01
2001733,BL4PrdDDC02
2001730,BL4PrdApp02
2001732,BL4PrdApp02B
774071,BL3PrdApp11
2002569,DM2PrdDDC01
2000827,BY3PrdApp13
2002216,BY3PrdStp01
2002100,AM3PrdStp01
2003708,BY4PrdApp04
2004978,BY3PrdApp19
2108137,HKNPrdApp01
2108148,SN3PrdApp19
2006039,BL4PrdApp06
2003741,SN3PrdDDC05
2184799,BYAPrdApp19
2135478,TY1PrdApp15
2132145,BYAPrdApp02
2110757,AM3PrdApp21
2150515,SY3PrdApp14
2137129,YQ1PrdApp05
2005778,SN3PrdApp17
2121234,OS2PrdApp05
2002967,TY1PrdApp04
2000126,DB4PrdApp17
2002924,CQ1PrdApp04
987335,HKNPrdApp02
2120199,SG2PrdApp34
2112795,BL4PrdApp15
2003598,BN3PrdStp05
2003705,BY4PrdApp02
2003701,DM2PrdApp09
2000830,BL4PrdApp08
2003599,DM2PrdApp07
2108149,SN2PrdApp01
2003698,DM2PrdApp05
2003062,BN3PrdApp08
2003700,BL4PrdApp07
2130153,SG2PrdApp13
2119967,DB5PrdApp09
2108158,DM3PrdApp05
2106875,BY4PrdApp06
2120462,BL4PrdApp12
2006756,BY4PrdApp09
2137593,CH1PrdApp09
2120067,SN1PrdApp05
2132560,BN4PrdApp14
2112793,SN2PrdApp05
2135482,CH1PrdApp11
2137980,CO2OneIM02
2131911,BY4PrdApp19
2003976,BL4PrdApp09
2108170,BL4PrdApp13
2120065,DM3PrdApp20
2130155,SN4PrdApp25
2115025,DM3PrdApp17
2117767,BL5PrdApp06
2003771,BN4PrdApp05
2123686,CH1PrdApp07
2135473,BY4PrdApp30
2136768,YT1PrdApp03
2113064,SN3PrdApp24
2108140,BY4PrdApp08
2131920,BL5PrdApp10
2132506,BY4PrdApp23
2132459,BY4PrdApp20
2132553,DM3PrdApp21
2135479,SG2PrdApp16
2107765,AM4PrdApp08
2112790,BY4PrdApp12
2132457,MA1PrdApp05
2108155,AM4PrdApp10
2003847,AM4PrdApp07
2135480,AM5PrdApp15
2136772,AM5PrdApp23
2120355,DB5PrdApp22
2132500,TY1PrdApp07
2132466,HK2PrdApp12
2120456,DB5PrdApp23
2113057,SY3PrdApp08
2113053,NULL
2120437,DB5PrdApp20
2130140,DB6PrdApp11
2119636,DB5PrdApp10
2132455,HK2PrdApp14
2136771,SG2PrdApp17
2108169,AM4PrdApp09
2130144,AM5PrdApp13
987398,ML1PrdApp01
2153460,ML1PrdApp07
2153339,TY1PrdApp14-01
2143509,DM3PrdApp28
2143227,DM3PrdApp27
2007287,BN4PrdApp02
2130034,BY4PrdApp29
2132489,BY2PrdApp02-02
2131918,BL5PrdApp14
2119983,BY4PrdApp14
2119042,BY4PrdApp15
2151609,TY1PrdApp11
2132144,YT1PrdApp05
2257213,AMS20PrdApp07
2153536,PAR20PrdApp01-01
2119381,BL5PrdApp08
2107778,BY4PrdApp10
2003780,BY4PrdApp03
2108166,DM3PrdApp07
2132502,BL5PrdApp15
2119041,BY4PrdApp17
2136775,BN4PrdApp15
2131913,BY4PrdApp22
2136773,CH1PrdApp13
2124360,DM3PrdApp10
2112789,SN2PrdApp15
2107863,BL4PrdApp11
2110812,BY4PrdApp11
2117769,DM3PrdApp13
2117768,SN2PrdApp10
2124305,BL5PrdApp07
2110244,DM3PrdApp04
2110059,BL4PrdApp16
2120066,SN3PrdApp22
2137979,CO2OneIM01
2136812,BY4PrdApp51
2132146,SG2PrdApp12
2107671,BY4PrdApp05
2110761,BN3PrdApp10
2184788,MWH01PrdApp02-02
2153665,MWH01PrdApp02-03
2154432,BL2PrdApp01
2184773,BL2PrdApp02
2143144,SG1PrdApp03
2153086,BZ7PrdApp03-01
2143578,BY1PrdApp15
2184416,HK2PrdApp24
2183106,BL6PrdApp08
2153467,BL7PrdApp02
2147228,BL3PrdApp12
2184797,DB3PrdApp17
2132485,BL5PrdApp18
2130128,AM5PrdApp20
2150338,BL5PrdApp35
2130138,SG2PrdApp18
2135451,AM5PrdApp27
2143732,DB3PrdApp05
2184769,BY1PrdApp13-02
2150336,BL5PrdApp34
2152935,MWH02PrdApp02
2130090,BY4PrdApp35
2143095,AM5PrdApp34
2148347,DB6PrdApp20
2135443,HK2PrdApp13
2130115,BL5PrdApp25
2143730,AM5PrdApp36
2153534,DB3PrdApp13
2151062,BL4PrdApp20
2130103,MA1PrdApp06-02
2151303,MA1PrdApp06
2107866,BN3PrdApp09
2148341,DB6PrdApp04-02
2154402,BM1PrdApp08
2153861,TY1PrdApp16-03
2143102,SN4PrdApp11
2130168,SN4PrdApp11-02
2154258,CHAPrdApp04-01
2184414,CHAPrdApp04-02
2143128,SN4PrdApp11-03
2150132,CHAPrdApp04-03
2130769,DM3PrdApp23
2120407,DB5PrdApp11
2120403,DB5PrdApp28
2130107,BM1PrdApp06-01
2153344,MWH01PrdApp03-02
2148782,MWH01PrdApp03-01
2147632,BYAPrdApp05-03
2154430,BYAPrdApp05-04
2205337,LN1PrdApp16-01
2137054,BZ6PrdApp05
2183612,PN1PrdApp05-03
2137595,PN1PrdApp05
2150633,SG2PrdApp21-02
2184810,SN4PrdApp19-01
2132486,SG2PrdApp21
2151374,SG2PrdApp21-03
2153343,MWH01PrdApp18-01
2154268,MWH01PrdApp16
2194507,MWH01PrdApp06-01
2130131,DB6PrdApp09
2130085,DB6PrdApp07
2130129,BY4PrdApp36
2150127,AM5PrdApp33
2184334,BL6PrdApp10
2148348,DB6PrdApp21
2143328,DB6PrdApp13
2130060,BL5PrdApp20
2150128,AM5PrdApp32
2130037,BY4PrdApp27
2151373,HK2PrdApp26-01
2147263,SN2PrdApp07
2130051,AM5PrdApp24
2183075,BL6PrdApp06
2182686,BL5PrdApp45
2184691,AM5PrdApp40
2132470,HK2PrdApp18
2132511,BY4PrdApp44
2130109,BL5PrdApp23
2130130,AM5PrdApp10
2132479,BY4PrdApp43
2135445,AM5PrdApp46-01
2135454,AM5PrdApp26
2135453,AM5PrdApp25
2151251,HK2PrdApp25
2146476,AM5PrdApp28
2118520,BN6PrdApp05-02
2143124,MWH01PrdApp02-01
2205340,SE1PrdApp04-01
2130307,BN6PrdApp02-02
2152978,CY4PrdApp02-02
2146859,BZ6PrdApp06-01
2118518,BN6PrdApp03-02
2143219,OS2PrdApp04
2143515,AM5PrdApp29
2131924,DB6PrdApp12
2132515,AM5PrdApp08
2130134,PN1PrdApp03
2194158,CW1PrdApp03-01
2153085,DZ6PrdApp01-01
2153369,SN6PrdApp01-01
2150337,DZ5PrdApp01
2132512,DB3PrdApp01
2007055,DM3PrdApp01
2144636,SG2PrdApp11-02
2132561,SG2PrdApp11
2132516,BZ6PrdApp01
2000255,AM3PrdApp20
2135465,OS2PrdApp03
2143753,TY1PrdApp10
2153735,BL6PrdApp12-01
2182682,BL5PrdApp26-02
2147261,BL5PrdApp31-01
2130127,BL5PrdApp26
2130100,BL5PrdApp31-02
2130098,BL5PrdApp30-01
2153476,BL6PrdApp12-02
2130165,DM3PrdApp26
2132514,SG2PrdApp20
2120409,SY3PrdApp09
2130042,DB5PrdApp29
2130048,BY4PrdApp31
2130061,BL5PrdApp21
2130062,BL5PrdApp22
2147583,BL5PrdApp44
2130064,BY4PrdApp48
2130101,DB6PrdApp10
2130035,DM3PrdApp19
2135434,BL7PrdApp04
2135450,BY4PrdApp47
2150621,BY1PrdApp01
2130047,BL5PrdApp11
2130157,BL5PrdApp27
2130092,SN4PrdApp07
2132492,BY4PrdApp39
2149381,BN4PrdApp16
2184388,CHAPrdDDC01
2130049,BY4PrdApp28
2130093,HK2PrdApp17
2151064,CHAPrdApp02
2148441,AM5PrdApp35
2130110,BL5PrdApp24
2152976,BL6PrdApp05
2143224,BY4PrdApp49
2135464,HK2PrdApp19
2147630,BY1PrdApp17
2146832,SG2PrdApp28
2143134,SN4PrdApp13
2132476,BY4PrdApp42
2151087,BLAPrdApp08-01
2184791,BL7PrdApp18
2153703,AMS06PrdApp01-01
2132494,BY4PrdApp41
2130038,CH1PrdApp10
2119380,BL5PrdApp04
2112792,BY4PrdApp13
2117770,DM3PrdApp16
2132555,BL5PrdApp17
2113058,SN2PrdApp02
2118516,BZ7PrdApp02-01
2151066,AM5PrdApp43
2183919,HKG20PrdApp03
2150911,SN3PrdApp01-02
2130102,BL5PrdApp36
2120447,BY4PrdApp40
2153933,BYAPrdApp28
2130083,BY4PrdApp34
2153570,BYAPrdApp06
2154426,BYAPrdApp09
2130073,SG2PrdApp22
2151204,DZ5PrdApp07
2110815,DM3PrdApp08
2110816,BL4PrdApp14
2107766,CH1PrdApp04
2124302,SN3PrdApp23
2117771,DM3PrdApp11
2131921,BL5PrdApp16
2120406,SN2PrdApp04
2107774,CH1PrdApp01
2113041,BN4PrdApp10
2119984,BN4PrdApp08
2124359,DM3PrdApp09
2124304,BY4PrdApp18
2120351,SN2PrdApp03
2131909,BY4PrdApp21
2120352,BN4PrdApp11
2120363,BY4PrdApp16
2110814,AM4PrdApp12
2108171,DB5PrdApp04
2108173,DB5PrdApp06
2132456,ML1PrdApp04
2003773,DB5PrdApp08
2108168,AM4PrdApp11
2112791,AM4PrdApp13
2113040,DM3PrdApp12
2147663,DZ5PrdApp08
2184332,BL6PrdApp09
2153649,BL2PrdApp21-02
2130074,AM5PrdApp18
2153679,MWH01PrdApp19-01
2148504,DM5PrdApp11
2118514,DM5PrdApp12
2152933,CY4PrdApp08
2118515,DM5PrdApp13
2130106,SN4PrdApp08
2151209,BLAPrdApp04-01
2148449,AM5PrdApp31
2151372,SG2PrdApp29
2148654,YQ1PrdApp03
2147220,DB3PrdApp04
2143121,DB6PrdDDC07
2150129,BYAPrdDDC01
2130052,BL5PrdApp12
2184811,YT1PrdApp06
2147264,BL2PrdApp05
2150125,AM5PrdApp30
2153345,BY2PrdApp09
2153425,LO1PrdApp02
2147622,SG1PrdApp04
2147190,HK2PrdApp23
2130040,CH1PrdApp12
2130137,BY4PrdApp45
2130136,AM5PrdApp11
2130065,HK2PrdApp15
2151250,HK2PrdApp20
2147288,DB6PrdApp22
2150344,BL3PrdApp14
2184789,AM5PrdApp41
2130045,DM3PrdApp24
2150345,BL3PrdApp13
2152989,BY2PrdApp01-02
2130118,DB6PrdApp14
2150130,DZ5PrdApp10-01
2144512,BZ6PrdApp12
2130036,DM3PrdApp25
2147270,DM5PrdApp10
2153780,MWH01PrdApp13
2151371,CY4PrdApp07
2148376,BZ6PrdApp13
2153338,CY4PrdApp06
2135475,SN4PrdApp09-02
2108145,AM2PrdApp02
2002989,SG1PrdApp02
2003753,DB3PrdApp02
2000129,DB5PrdApp03
987354,SG2PrdApp05
987300,SG2PrdStp01
2003747,DB3PrdApp03
2002953,AM2PrdApp01
2108143,AM4PrdApp04
2003520,AM2PrdApp03
2003223,AM4PrdApp05
2108131,SG1PrdApp01
2108534,SG2PrdApp06
2113036,DM2PrdApp10
2000257,SY3PrdApp06
2130147,TY1PrdApp09
2154424,DZ5PrdApp03-03
2136764,SY3PrdApp11
2154429,DZ5PrdApp03-02
2184790,DZ5PrdApp04-01
2150624,BZ6PrdApp02-02
2135459,BZ6PrdApp02-04
2148783,CY4PrdApp04-01
2153340,DZ5PrdApp03-01
2150627,BZ6PrdApp02-03
2151065,DZ5PrdApp04-03
2144362,CY4PrdApp04-03
2143110,DZ5PrdApp04-04
2151654,DZ5PrdApp04-02
2153604,DZ5PrdApp09-02
2153342,DZ5PrdApp09-01
2151435,SY3PrdApp12-02
2135435,SY3PrdApp12
2132483,TY1PrdApp08
2147638,BL5PrdApp30-02
2183920,ML1PrdApp09-01
2194755,LN1PrdApp03-02
2132499,SG2PrdApp32
2151063,LO1PrdApp03
2135438,ML1PrdDDC04
2108163,DB5PrdDDC02
2132505,DB5PrdDDC15
2124341,AM4PrdDDC06
2132469,DB5PrdDDC10
2120448,AM4PrdDDC04
2136774,AM5PrdApp45
2120453,DB5PrdDDC13
2120353,AM4PrdDDC05
2119934,TY1PrdDDC03
2136777,AM4PrdDDC11
2121958,SY3PrdDDC06
2124342,AM4PrdDDC07
2120458,SG2PrdDDC02
2136765,ML1PrdApp08
2120457,ML1PrdDDC03
2113055,SG2PrdDDC01
2108152,HK2PrdDDC06
2107864,DB5PrdDDC03
2120435,AM4PrdDDC09
2108164,DB5PrdDDC09
2116072,OS2PrdDDC02
2119982,AM4PrdDDC03
2132504,DB5PrdDDC11
2135485,AM4PrdDDC10
2006757,AM4PrdDDC01
2120460,SG2PrdDDC03
2132503,SG2PrdDDC05
2132697,SY3PrdDDC07
2118678,DB5PrdDDC04
2116070,AM4PrdDDC08
2007288,BY4PrdApp07
2107770,ML1PrdDDC02
2107773,DB5PrdDDC06
2120459,HK2PrdDDC11
2121325,DB5PrdDDC12
2006755,AM4PrdDDC02
2107769,SY3PrdDDC05
2117774,TY1PrdDDC02
2118679,DB5PrdDDC05
2120068,HK2PrdDDC10
2107865,BY4PrdDDC03
2132693,CH1PrdApp23
2006754,BL4PrdApp10
2132690,BL5PrdDDC08
2003895,BY4PrdDDC05
2132692,BY4PrdDDC24
2110787,BY4PrdDDC04
2132695,BL5PrdDDC09
2132691,BY4PrdDDC23
2136778,BY2PrdDDC02
2120461,SN2PrdDDC01
2124339,SN2PrdDDC02
2132498,BY4PrdDDC22
2107767,BY4PrdDDC02
2119985,CH1PrdDDC06
2124356,DM3PrdDDC02
2124357,BL4PrdDDC05
2131908,SN3PrdDDC06
2003655,HK2PrdDDC05
2153876,SE1PrdApp03
2152889,SY3PrdDDC05-DOCDB-1
2133010,DZ5PrdApp03-04
2153365,BN6PrdApp05-03
2150124,YQ1PrdApp04
2148454,BZ6PrdApp06-02
2194748,LN1PrdApp04
2147661,DB6PrdApp23
2153858,AMS20PrdApp06
2153437,BYAPrdApp17-01
2137594,CH1PrdDDC10
2117773,BY4PrdDDC13
2003975,BY4PrdDDC01
2124358,BN4PrdDDC01
2120360,BY4PrdDDC07
2120463,CH1PrdDDC05
2124340,BY4PrdDDC06
2135483,BY4PrdDDC19
2120442,BL5PrdDDC04
2116071,BL4PrdDDC06
2107777,DM3PrdDDC01
2132694,BL5PrdDDC07
2120205,BY4PrdDDC09
2120053,BL5PrdDDC06
2123455,SN4PrdDDC07
2117772,BY4PrdDDC10
2119931,BY4PrdDDC08
2151610,TY1PrdApp13
2153878,SHA20PrdApp04-01
2143526,MA1PrdDDC03
2153731,SY3PrdApp15
2136776,SG2PrdApp32-02
2139332,TY1PrdDDC04
2006759,CQ1PrdDDC02
2153575,DZ5PrdDDC03
2137000,DZ5PrdApp05
2151496,DM5PrdApp17
2151499,DM5PrdApp16
2153468,BZ6PrdApp14
2151208,YT1PrdApp08-01
2150123,BY1PrdApp07
2151579,HKNPrdApp03-02
2150126,BL7PrdApp07
2132473,BY4PrdDDC17
2135436,BY4PrdDDC26
2147198,DB6PrdApp24
2132467,BY4PrdDDC15
2153401,BN6PrdDDC05
2154384,BZ6PrdApp04
2147624,BN6PrdApp22
2152945,BL6PrdApp02
2124338,BL4PrdApp17
2153372,CY4PrdApp10-01
2147238,MWH01PrdDDC02
2153674,AMS20PrdApp09
2148656,SN4PrdApp23
2132487,DB5PrdDDC14
2150614,BY1PrdDDC16
2147596,SG2PrdDDC07
2132475,CH1PrdDDC08
2148660,BL6PrdApp19
2130039,BY4PrdDDC16
2151210,YQ1PrdDDC02
2147197,AM5PrdDDC12
2146990,BY1PrdApp08
2194034,SG2PrdDDC09
2153533,BL6PrdApp20
2148006,SN4PrdApp18
2153576,AMS06PrdApp13
2150630,BL2PrdApp08-02
2154399,SN4PrdApp26
2148451,BYAPrdApp18
2130121,BM1PrdApp07
2149768,MWH01PrdApp10-02
2153832,SY3PrdApp16
2153428,BYAPrdApp05-02
2151355,PN1PrdApp05-02
2148655,BYAPrdApp23-03
2151252,SN4PrdApp24
2151498,YT1PrdDDC02
2153359,BL6PrdApp17
2151253,HK2PrdDDC14
2132513,BY4PrdDDC25
2150615,BY1PrdDDC18
2148455,AM5PrdApp51-01
2147062,SN4PrdApp14
2132480,BL5PrdDDC05
2132474,CH1PrdDDC11
2144217,BYAPrdApp20
2147262,BL6PrdDDC01
2136763,MM1PrdApp02
2116150,BL5PrdStr03
2116039,DB5PrdStr04
2154478,SY3PrdStr05
2154477,BN6PrdStr09
2154510,DZ5PrdStr03
2154749,BZ6PrdStr07
2154442,BZ6PrdStr05
2154767,DB6PrdStr08
2132203,MWH01PrdStr05
2185357,BLAPrdStr04
2154853,DZ5PrdStr06
2151726,BN6PrdStr05
2149203,DZ5PrdStr07
2144940,MA1PrdStr04
2144699,DB6PrdStr06
2148814,DZ5PrdStr09
2195707,CHI21PrdStr01
2113039,BN4PrdStr06
2121872,BL5PrdStr04
2108056,AM4PrdStr02
2005825,HK2PrdStr02
2107871,BY4PrdStr02
2144885,BY4PrdStr10
2132366,AM5PrdStr04
2185467,BL5PrdStr12
2107869,BN4PrdStr03
2144955,CH1PrdStr10
2144956,SN4PrdStr04
2132167,SN3PrdStr08
2154454,CHAPrdStr04
2113038,DM3PrdStr06
2144716,BL5PrdStr09
2154495,DB3PrdStr12
2185470,BYAPrdStr02
2116038,AM5PrdStr01
2116106,DM3PrdStr04
2002979,SN3PrdStr06
2132359,CH1PrdStr09
2116079,BY4PrdStr04
2107873,BN4PrdStr02
2132351,DB6PrdStr04
2002988,SG2PrdStr01
2132162,CH1PrdStr06
2144920,BL5PrdStr08
2116107,BN4PrdStr05
2003695,SN2PrdStr01
2108055,DB5PrdStr05
2108824,AM4PrdStr01
2005873,BL4PrdStr03
2107985,BL4PrdStr02
2005843,BY4PrdStr01
2116151,BY4PrdStr05
2132169,CH1PrdStr08
2116073,BY4PrdStr09
2148989,BYAPrdStr01
2149225,SN4PrdStr09
2154766,BL6PrdStr02
2132358,SN4PrdStr03
2107989,DM3PrdStr02
2003661,DB5PrdStr03
2003693,CH3PrdStr06
2005842,CH3PrdStr05
2116074,BL5PrdStr07
2107870,DM3PrdStr03
2116077,BL5PrdStr02
2116080,BY4PrdStr03
2155000,BY2PrdStr03
2123581,BY4PrdStr06
2144815,BY4PrdStr11
2195740,CW1PrdStr05
2154852,CY4PrdStr07
2185476,AMS20PrdStr01
2148980,BN6PrdStr01
2144942,MA1PrdStr05
2144941,MA1PrdStr06
2132176,TY1PrdStr01
2151874,SG2PrdStr04
2154807,BZ6PrdStr04
2141699,HK2PrdStr04
2184837,MWH01PrdStr06
2208574,BYCPrdStr02
2151911,OSA20PrdStr01
2144759,DZ5PrdStr02
2208582,BLAPrdStr03
2149201,CY4PrdStr04
2144937,PN1PrdStr03
2144836,AM5PrdStr09
2154937,BN6PrdStr15
2151918,SG2PrdStr02
2201391,DM5PrdStr09
2144953,SN4PrdStr06
2185471,DB6PrdStr10
2154589,DZ5PrdStr08
2132175,ML1PrdStr03
2141698,HK2PrdStr06
2268117,LN1PrdStr03
2149770,MWH01PrdStr03
2144939,BM1PrdStr02
2154448,AM5PrdStr11
2196045,LN1PrdStr05
2147199,DB6PrdStr09
2144708,DZ5PrdStr01
2147089,BZ6PrdStr06
2185474,DZ5PrdStr10
2185382,CY4PrdStr06
2154993,DUB20PrdStr01
2132174,SY3PrdStr04
2132177,OS2PrdStr01
2185168,ML1PrdStr04
2151679,SG2PrdStr07
2185034,HK2PrdStr08
2151761,BZ6PrdStr03
2154867,DZ5PrdStr04
2149325,MWH01PrdStr04
2185473,AM5PrdStr14
2185468,DZ5PrdStr11
2147058,BZ6PrdStr02
2144873,DM5PrdStr06
2208573,BYCPrdStr01
2154494,DB6PrdStr11
2154999,MWH01PrdStr07
2185472,BN6PrdStr13
2185469,BZ6PrdStr11
2144938,PN1PrdStr04
2132195,CY4PrdStr05
2118522,DM5PrdStr07
2118523,BZ6PrdStr01
2185391,AM5PrdStr13
2154768,AM5PrdStr12
2151974,TY1PrdStr04
2150613,BL5PrdApp41
2182684,BL6PrdApp13
2153839,BLAPrdApp09
2182810,SG2PrdApp30
2154431,BYAPrdApp03
2153375,AM5PrdApp47
2110175,OS2PrdApp02
2118670,TY1PrdApp05
2118671,ML1PrdApp03
2153554,BL7PrdApp12
2153622,BZ6PrdApp03
2153599,MWH01PrdApp05
2184808,BN6PrdApp18
2153026,CY4PrdApp05
2153687,DZ5PrdApp06
2184801,BN6PrdApp17
2151068,BZ6PrdApp08
2194449,DM5PrdApp15
2146842,BN6PrdApp15
2132079,SN3PrdApp25
2121235,BN3PrdApp15
2113050,SN3PrdApp27
2135486,BYAPrdApp12
2135484,HK2PrdApp27
2112797,BL5PrdApp05
2132099,TY1PrdApp12
2003689,HK2PrdApp21
2108154,HK2PrdApp10
2113022,SY3PrdApp13
2132049,BY3PrdApp21
2132096,BY4PrdApp50
2132031,BY3PrdApp24
2113025,BY3PrdApp20
2132097,BY3PrdApp23
2132059,BY4PrdApp46
2183421,ML1PrdApp10
2195470,LN1PrdApp09
2183201,ML1PrdApp09-02
2194023,BL6PrdApp14
2135440,BY4PrdApp52
2149384,BL5PrdApp37
2147200,PS1PrdApp01-02
2147667,MWH01PrdApp03-03
2153415,CHAPrdApp06
2149144,DB6PrdApp18
2153603,SN4PrdApp16
2153438,AM5PrdApp42
2153605,BL7PrdApp14
2003719,SG2PrdApp27
2132098,AM4PrdApp21
2132072,AM4PrdApp20
2113020,DB5PrdApp19
2121233,DB5PrdApp18
2108135,AM4PrdApp18
2135936,BL5PrdApp28
2132053,AM4PrdApp19
2153337,BYCPrdApp03
2153553,SG2PrdApp33
2153880,BL7PrdApp11
2143612,AM4PrdApp22
2149383,BY1PrdDDC19
2153427,BYAPrdApp24
2153370,BL6PrdApp11
2139328,DM3PrdApp30
2153626,AM5PrdApp37
2143733,BL5PrdApp38
2153620,BY1PrdApp03
2153612,AM5PrdApp48
2153928,BL7PrdApp06
2151070,AM4PrdApp23
2143461,SG2PrdApp25
2151067,BN6PrdApp23
2143414,DB6PrdApp15
2149382,SN3PrdApp26
2146831,SN3PrdApp28
2153076,BL6PrdApp07
2150629,BYAPrdApp13
2153931,MM1PrdApp03
2154423,DM5PrdStp03
2138140,AM4PrdStp01
2000128,AM3PrdStp03
2108147,AM3PrdStp02
2108157,BY3PrdStp03
2003887,BY3PrdStp02
2110069,BN3PrdApp11
2113063,SN3PrdStp02
2135588,DB5PrdStp03
2141692,DM3PrdStp03
2117761,SG2PrdStp02
2120472,BL5PrdStp02
2132034,AM4PrdStp02
2132048,BY3PrdStp05
2132094,BL5PrdStp01
2135560,SN4PrdStp02
2002887,OS2PrdStp01
2003688,TY1PrdStp01
2117969,SY3PrdStp01
2143507,TY1PrdStp02
2121314,DM3PrdStp01
2132030,BL5PrdStp04
2123675,BY4PrdStp02
2136524,AM4PrdStp03
2121313,HK2PrdStp03
2135495,SN4PrdStp04
2121311,SN3PrdStp01
2117760,DB5PrdStp01
2132068,SG2PrdStp03
2132077,DB5PrdStp02
2117759,BY3PrdStp04
2146850,PAR21PrdStp01
2257240,LN1PrdStp03
2151356,SY3PrdStp08
2194568,LN1PrdStp02
2151219,BN6PrdStp06
2194432,NULL
2143093,BYCPrdStp04
2182681,BL6PrdStp02
2182666,AM5PrdStp02
2153782,BL6PrdStp01
2136520,DB6PrdStp03
2151212,AM5PrdStp01
2153685,BYAPrdStp02
2151379,SG2PrdStp04
2143086,DM3PrdStp04
2194356,BYAPrdStp05
2183149,SN4PrdStp01
2193834,BZ6PrdStp07
2194002,BL6PrdStp03
2183054,SY3PrdStp05
2151581,SY3PrdStp04
2194135,BYAPrdStp04
2144624,HK2PrdStp05
2153713,SY3PrdStp06
2143361,DB6PrdStp01
2121310,ML1PrdStp01
2135589,BY4PrdStp03
2121319,PN1PrdStp01
2121321,MA1PrdStp01
2151376,DZ5PrdStp02
2153833,DZ5PrdStp01
2150296,CY4PrdStp02
2150631,DM5PrdStp02
2207123,NULL
2151440,CHAPrdStp02
2151585,SY3PrdStp03
2153572,CHAPrdStp01
2146827,DM3PrdStp05
2151311,ML1PrdStp02
2182671,YT1PrdStp02
2151304,YQ1PrdStp02
2143498,SY3PrdStp02
2194480,BL6PrdGPC01
2206625,SG2PrdGPZ02
2193886,BL6PrdGPC02
2183108,DB6PrdGPC03
2207555,SN6PrdGPZ01
2183067,AMS06PrdHPC01
2206544,SG2PrdHPC01
2207109,NULL
2195647,PHX20AzFHPC01
2194462,SN4PrdHPC02
2154279,MWH01PrdApp12
2139331,BM1PrdApp04
2194983,AM5PrdGPZ01
2184582,CHAPrdGPZ01
2194380,BL6PrdGPZ01
2206490,AMS06PrdGPZ01
2194536,SG2PrdGPZ01
2130053,BL5PrdApp13
2124303,BY4PrdApp24
2132454,SY3PrdApp10
2207108,LN1PrdHPC02
2205647,MWH01PrdHPC01
2205142,MWH01PrdGPZ01
2207746,MWH01PrdGPZ02
2205649,MWH01PrdGPZ04
2206358,LN1PrdHPC01
2206570,PN1PrdHPC01
2206572,SYD23PrdHPC02
2118519,BN6PrdApp04-02
2194426,BZ6PrdApp18-01
2204794,BN6PrdStp08
2201437,MWH01PrdApp15
2205529,MWH01PrdGPC02
2113054,CBN04PrdApp01
2147060,CBN06PrdApp01
2121220,CH1OneIMRack01
2121219,SN2OneIMRack02
2121221,CH1OneIMRack02
2143495,PN1PrdApp01-02
2143513,MA1PrdApp01-02
2130160,ML1PrdApp06
2130056,ML1PrdApp05
2121218,SN2OneIMRack01
2108823,DM3PrdApp02
2146684,SN4PrdStt01
2108172,BL4PrdApp19
2113037,BN4PrdApp13
2113045,CQ1PrdApp05
2193899,CHAPrdHPC01
2182800,BYAPrdHPC01
2194042,BL6PrdHPC02
2194453,CHAPrdHPC02
2194093,DB6PrdHPC01
2207107,TY1PrdHPC02
2206514,TY1PrdHPC01
2183365,AM5PrdHPC01
2183073,BL6PrdHPC01
2194048,BYAPrdHPC02
2185494,SN4PrdHPC01
2120443,BL5PrdDDC03
2120446,BY4PrdDDC11
2120405,BY4PrdDDC12
2120452,BL5PrdDDC02
2120450,CH1PrdDDC07
2120444,DM3PrdDDC03
2130046,BN3PrdDDC03
2132453,OS2PrdDDC03
2144847,DB6PrdStr02
2132171,BY4PrdStr07
2132170,BL5PrdStr05
2144758,AM5PrdStr06
2151832,AM5PrdStr07
2132044,CDM03PrdStp01
2147657,NULL
2151988,DZ5PrdStt01
2145269,AM5PrdStr10
2145270,DB6PrdStr07
2113042,CDM03PrdStr01
2144950,YT1PrdStr03
2151831,DB6PrdStr05
2132166,DM3PrdStr08
2132357,BY4PrdStr08
2113043,CBN04PrdStr01
2146972,ML1PrdStr02
2132165,BN3PrdStr05
2186237,CBN06PrdStr01
2266520,LN1PrdStr04
2144947,YQ1PrdStr03
2144870,TY1PrdStr03
2147093,OS2PrdStr02
2256552,BYAPrdStr14
2186236,CDM05PrdStr01
2149179,SY3PrdStr03
2144703,OS2PrdStr03
2144741,AM5PrdStr05
2132356,BL5PrdStr06
2149204,TY1PrdStr02
2144849,DB6PrdStr03
2154751,AMS06PrdStr04
2116076,DB6PrdStr01
2116075,AM5PrdStr02
867539,BN4 TL
867534,DB3PrdApp09-02
867536,DM1PrdApp03-02
867538,BN4PrdApp02-XArchive01
867537,DM1 TL
867535,DB3
2118521,BN6PrdApp12
2153412,BZ6PrdApp16
2150290,MWH01PrdApp04
2112794,DM3PrdApp06
2112796,CDM03PrdApp01
2130059,BL5PrdApp19
2121320,MA1PrdApp03
2121318,PN1PrdApp02
2205161,SN4PrdGPZ02
2146858,CDM05PrdApp01
2149385,BL5PrdApp29
2136514,YQ1PrdApp02
2136513,YT1PrdApp02
2147292,DM3PrdApp29
2136518,YQ1PrdStp01
2136517,YT1PrdStp01
2149124,DB6PrdStp02
2144627,BYAPrdStp01
2151331,MWH01PrdStp02
2146839,AM4PrdStp04
2136519,AM4PrdStp05
2154422,BZ6PrdStp02
2144628,MWH01PrdStp01
2113021,BN3PrdStp06
2132047,TY1PrdStp04
2117766,BN3PrdStp04
2144631,SN3PrdStp03
2150346,BL5PrdStp03
2144632,OS2PrdStp03
2130055,DB6PrdApp02
2130304,BN6PrdApp03
2130305,BN6PrdApp04-01
2130306,BN6PrdApp05-01
2132482,AM5PrdApp07
2153381,BYCPrdApp01
2143520,BN6PrdApp02-01
2184415,BYAPrdApp04
2132477,AM5PrdApp05
2130043,SN4PrdApp04
2123427,DB6PrdApp01
2144672,DM5PrdApp01
2153341,BLUPrdApp01
2184385,BL6PrdApp01
2136869,CQ2PrdApp01
2130082,SN4PrdApp01
2120408,AM5PrdApp01
2135477,BYAPrdApp01
2135476,CHAPrdApp01
2118526,BN6PrdApp01
2146643,CQ2PrdApp02
2124301,SN4PrdApp03
2150917,CQ2PrdApp03
2130133,SN2PrdApp08
2130033,AM5PrdApp02
2120401,AM5PrdApp03
2152977,BLUPrdApp02-03
2150622,BLUPrdApp02-01
2150623,BLUPrdApp02-02
2153368,AMS20PrdApp01
2147267,BLAPrdApp01-01
2154305,BLAPrdApp01-02
2132554,DB6PrdApp04
2184387,BYAPrdApp05
2136770,SN4PrdApp06
2132562,AM5PrdApp06
2195696,BLAPrdStr01
2152975,BL6PrdApp03
2150347,BZ6PrdApp02-01
2130302,DM5PrdApp05-01
2135457,DM5PrdApp07-01
2148502,DM5PrdApp04-01
2130768,DM5PrdApp09
2148503,DM5PrdApp03-01
2135456,DM5PrdApp06-01
2135455,DM5PrdApp02-01
2153475,BLUPrdApp05
2131912,SN4PrdApp09
2120440,BL5PrdApp03
2119379,BL5PrdApp02
2131914,AM5PrdApp16
2132468,AM5PrdApp04
2130071,SN4PrdApp02
2183384,BL7PrdApp05
2153374,BL7PrdApp01
2120441,SN4PrdDDC06
2132461,SN4PrdDDC02
2130044,SN4PrdDDC04
2130081,AM5PrdDDC09
2132510,SN4PrdDDC05
2133009,BN6PrdDDC01
2148658,DZ5PrdDDC01
2148659,DM5PrdDDC02
2147224,DM5PrdDDC01
2153627,DZ5PrdDDC02
2147670,BN6PrdDDC02
2120455,DB6PrdDDC01
2132696,DB6PrdDDC05
2120454,AM5PrdDDC04
2120345,BL5PrdDDC01
2150918,CQ2PrdDDC01
2153355,CW1PrdApp04
2132478,AM5PrdDDC08
2132462,SN4PrdDDC03
2142738,DM5PrdStr03
2149067,DM5PrdStr04
2116078,BL5PrdStr01
2148977,BL6PrdStr01
2132168,SN4PrdStr02
2118529,SN4PrdStr01
2144871,BN6PrdStr03
2144767,DM5PrdStr02
2144899,BN6PrdStr04
2123565,BN6PrdStr02
2144954,CQ2PrdStr01
2151837,DM5PrdStr05
2123563,DM5PrdStr01
2185475,CHAPrdStr01
2154178,CQ2PrdApp04
2153582,CHAPrdApp03
2153559,CQ2PrdStp02
2194386,CBZ06PrdStp01
2206468,AMS20PrdGPZ01
2118524,MWH01PrdApp01
2107781,BL5PrdApp01
2120439,AM5PrdDDC02
2118530,MWH01PrdDDC01
2132517,DB6PrdDDC04
2130068,DB6PrdDDC03
2118528,MWH01PrdStr01
2149136,DM5PrdApp08
2143097,BN6PrdStp01
2143741,BZ6PrdStp01
2150520,BN6PrdStp03
2150521,BN6PrdStp04
2143521,BN6PrdStp02
2143084,DM5PrdStp01
2153613,PS1PrdApp01
2118527,CY4PrdApp01
2153623,CW1PrdApp01
2153589,LN1PrdApp01
2110401,YT1PrdApp01
987449,MA1PrdApp01
2000341,PN1PrdApp01
2112145,YQ1PrdApp01
2003820,BM1PrdApp01
2149767,CY4PrdApp02-01
987448,BL4PrdDDC03
2153619,CW1PrdDDC01
2148657,CY4PrdDDC02
2118525,CY4PrdDDC01
2153590,LN1PrdDDC01
2153863,PS1PrdDDC01
2154400,SE1PrdDDC01
2112147,YT1PrdDDC01
709168,PN1PrdDDC01
709167,BM1PrdDDC01
2002057,MA1PrdDDC01
2112148,YQ1PrdDDC01
2154799,LN1PrdStr02
2142739,CY4PrdStr01
2185478,SE1PrdStr01
2154493,CW1PrdStr01
2154800,CW1PrdStr02
991604,MA1PrdStr03
987455,PN1PrdStr01
2144952,MWH01PrdStr02
2185479,PS1PrdStr02
987454,BM1PrdStr01
2144913,CY4PrdStr03
2002212,MA1PrdStr01
2002213,MA1PrdStr02
991603,PN1PrdStr02
2189331,PS1PrdStr01
2189224,SE1PrdStr02
2154486,LN1PrdStr01
2149769,CY4PrdStr02
2155091,LN1PrdApp02
2155090,CW1PrdApp02
2153462,PS1PrdApp02
2144626,PS1PrdStp01
2155092,CW1PrdStp01
2155093,LN1PrdStp01
2151436,SE1PrdStp01
2153466,SE1PrdApp01
2112151,YQ1PrdStr02
2110390,YT1PrdStr01
2110650,YT1PrdStr02
2112152,YQ1PrdStr01
2148784,CY4PrdApp03
2154401,SE1PrdApp02
2144630,CY4PrdStp01
2110122,BJBPrdApp11
2136767,BJBPrdApp12
2110813,BJBPrdApp08
2153930,SH2PrdApp03-01
2147579,BN1AzFApp05
2184348,BN1AzFApp07
2147193,BJBPrdApp02
2150131,BN1AzFApp09
2154278,DD3AzFApp04
2000097,BJBPrdDDC02
2143494,LG1PrdApp03
2184805,FR1PrdApp07
2151206,BN1AzFApp06
2132093,FR1PrdApp04
2130117,BJBPrdDDC04
2137286,BN1AzFApp04
2108134,BJBPrdApp06
2135437,FR1PrdApp06
2107768,SH3PrdApp04
2120346,SH3PrdApp03
2183921,FR1PrdApp09
2147218,FR1PrdApp03
2148452,LG1PrdApp04-01
2121970,DM2AzFApp03
2255610,DM2AzFApp05
2121903,SHAPrdApp02
2153560,LN1PrdApp10-01
2195011,LN1PrdApp05
2135474,SH3PrdApp06
2110810,SH3PrdDDC01
2131917,SH3PrdDDC07
2132501,SH3PrdDDC06
2151989,LG1PrdDDC02
2153399,PAR22PrdApp01-01
2146975,FR1PrdStr05
2154750,AMS06PrdStr06
2132173,LG1PrdStr05
2154453,SN5AzFStr03
2208581,SN5AzFStr04
2184841,BN1AzFStr03
2149181,LG1PrdStr04
2132172,FR1PrdStr04
2110292,BJBPrdApp07
2110067,DM2AzFDDC02
2121232,BJBPrdApp13
2136516,LG1PrdApp02
2136515,FR1PrdApp02
2147077,BD3AzFApp02
2151312,LG1PrdStp02
2149155,LG1PrdStp01
2208569,MWH01PrdStp08
2121309,BJBPrdStp03
2121316,DM2AzFStp04
2208577,AMS06PrdStp02
2115023,SH3PrdStp02
2149153,FR1PrdStp01
2113051,BN1AzFApp03
2205157,BN1AzFGPC01
2205295,PHX20AzFGPC01
2132460,BJBPrdDDC03
2151664,BJBPrdStr03
2154998,SH2PrdStr02
2121308,BN1AzFApp02
2000111,SH3PrdApp02
2110770,SH3PrdStp01
2121317,BN1AzFStp02
2148684,DD3AzFApp02
2183378,BL7PrdApp17
2153352,PHX20AzFApp04
2184767,SN5AzFApp01
2183439,PHX20AzFApp01
2112146,FR1PrdApp01
2136769,BD3AzFApp01
2110389,LG1PrdApp01
2136766,DD3AzFApp01
2153348,PHX20AzFApp03
2184386,SN5AzFApp04
2194416,SN5AzFApp03
2147045,BD3AzFApp03
2153847,SN5AzFDDC01
2112149,FR1PrdDDC01
2112150,LG1PrdDDC01
2131916,DD3AzFApp03
2154382,PHX20AzFDDC01
2150093,LO1PrdStr02
2150096,MM1PrdStr01
2195925,PHX20AzFStr01
2150097,MM1PrdStr02
2196173,SN5AzFStr02
2150092,LO1PrdStr01
2195897,PHX20AzFStr02
2196134,SN5AzFStr01
2153387,PHX20AzFApp02
2184333,SN5AzFApp02
2151071,PHX20AzFStp01
2151438,SN5AzFStp01
2153601,DD3AzFStp01
2150632,BD3AzFStp01
2150094,MM1PrdApp01
2150090,LO1PrdApp01
2150095,MM1PrdDDC01
2150091,LO1PrdDDC01
2110654,FR1PrdStr01
2144935,DD3AzFStr02
2144934,BD3AzFStr01
2145258,BD3AzFStr02
2112154,LG1PrdStr01
2110387,FR1PrdStr02
2145259,DD3AzFStr01
2112153,LG1PrdStr02
2139323,MWH01TstApp01
2118517,DM5PrdApp14
2183388,MWH01PrdApp07
2153683,MWH01PrdApp08
2196390,SN4PrdStr13
2003660,DB5TstStr02
2138446,SN4PrdGPZ01
2138447,SN4PrdGPC01
2145268,SN4PrdApp17
2006758,DB5TstApp05
2108174,DB5TstApp06
867540,AM3TstArc01
867541,AM3PrdApp22-06
2196391,SN4PrdApp21
2146685,SN4PrdStp03
2196616,BD3AzFApp01-02
2196617,DD3AzFApp01-02
2188428,LG1PrdApp01-02
2000891,SH3PrdApp01-XTransport02
2112858,BN1AzFApp01-02
2188426,FR1PrdApp01-02
2000892,BJBPrdApp01-XTransport02
2110768,DM2AzFApp01-02
2146982,CQ2PrdApp01-02
2143511,BM1PrdApp04-02
2199226,YQ1PrdApp03-02
2143141,CH1PrdApp04-02
2137453,YT1PrdApp03-02
2206491,LN1PrdApp03-05
2206489,MWH01PrdApp10-05
2110764,SY3PrdApp01-XTransport02
2110765,ML1PrdApp01-XTransport02
2206444,SE1PrdApp01-05
2110769,TY1PrdApp01-XTransport02
2196618,CY4PrdApp04-05
2110766,OS2PrdApp01-XTransport02
2257088,NULL
2207556,BLAPrdGPZ01
2205310,SN4PrdGPZ04
2206534,DB6PrdGPZ02
2205196,DB6PrdGPZ01
2205662,BL6PrdGPZ02
2184583,SN2PrdGPZ01
2184193,DB6PrdGPC04
2205311,BL6PrdGPC03
2207262,BLAPrdGPC01
2205527,AMS20PrdGPC01
2183380,CHAPrdGPC01
2207554,SN4PrdGPC02
2207743,MWH01PrdGPC04
2206543,LN1PrdGPZ02
2205526,LN1PrdGPC01
2206532,SYD23PrdGPZ01
2257233,TY1PrdGPZ02
2207742,BZ7PrdGPC01
2205177,MWH01PrdGPC01
2206515,TY1PrdGPZ01
2337810,NULL
2338126,NULL
2337896,NULL
2337468,NULL
2337619,NULL
2337685,NULL
2338204,NULL
2338596,NULL
2338576,NULL
2341196,NULL
2341197,NULL
2341198,NULL
2341199,NULL
2341200,NULL
2341201,NULL
2341202,NULL
2341203,NULL
2341204,NULL
2341205,NULL
2341206,NULL
2341207,NULL
2338458,NULL
2337879,NULL
2338658,NULL
2337437,NULL
2338546,NULL
2338388,NULL
2338626,NULL
2338637,NULL
2338639,NULL
2338715,NULL
2337711,NULL
2337698,NULL
2337789,NULL
2338352,NULL
2338856,NULL
2338051,NULL
2338823,NULL
2328908,NULL
2337418,NULL
2337341,NULL
2337977,NULL
2291566,NULL
2338786,NULL
2338329,NULL
2337889,NULL
2337657,NULL
2338257,NULL
2338067,NULL
2337800,NULL
2338382,NULL
2337432,NULL
2338484,NULL
2338812,NULL
2337867,NULL
2338251,NULL
2338307,NULL
2321914,NULL
2321209,NULL
2321067,NULL
2337338,NULL
2337799,NULL
2338262,NULL
2337655,NULL
2338669,NULL
2338557,NULL
2338650,NULL
2337898,NULL
2338138,NULL
2338552,NULL
2338533,NULL
2338655,NULL
2338776,NULL
2337855,NULL
2338617,NULL
2338855,NULL
2337344,NULL
2337295,NULL
2337744,NULL
2337475,NULL
2337709,NULL
2337927,NULL
2338083,NULL
2338232,NULL
2338172,NULL
2338527,NULL
2338755,NULL
2338152,NULL
2337583,NULL
2337662,NULL
2337362,NULL
2337393,NULL
2337294,NULL
2337661,NULL
2337697,NULL
2338624,NULL
2338679,NULL
2338551,NULL
2338789,NULL
2338054,NULL
2338029,NULL
2338474,NULL
2338026,NULL
2337893,NULL
2338160,NULL
2338332,NULL
2338377,NULL
2337930,NULL
2338580,NULL
2338723,NULL
2337370,NULL
2337532,NULL
2337576,NULL
2338568,NULL
2337851,NULL
2338239,NULL
2338247,NULL
2337964,NULL
2337984,NULL
2338024,NULL
2337731,NULL
2337776,NULL
2338146,NULL
2338286,NULL
2337476,NULL
2337702,NULL
2338849,NULL
2337802,NULL
2338246,NULL
2338862,NULL
2338863,NULL
2337317,NULL
2337501,NULL
2337436,NULL
2337960,NULL
2338350,NULL
2338412,NULL
2337875,NULL
2337737,NULL
2337373,NULL
2338043,NULL
2338452,NULL
2338424,NULL
2338764,NULL
2338721,NULL
2338771,NULL
2338808,NULL
2338794,NULL
2338563,NULL
2338601,NULL
2338610,NULL
2337614,NULL
2337611,NULL
2337764,NULL
2338190,NULL
2337689,NULL
2337938,NULL
2338119,NULL
2337878,NULL
2337585,NULL
2337865,NULL
2338414,NULL
2338670,NULL
2338813,NULL
2338848,NULL
2338517,NULL
2337482,NULL
2337950,NULL
2338712,NULL
2337920,NULL
2337443,NULL
2338325,NULL
2338867,NULL
2338503,NULL
2338159,NULL
2337760,NULL
2338241,NULL
2338021,NULL
2337951,NULL
2338648,NULL
2338662,NULL
2338584,NULL
2338628,NULL
2338430,NULL
2338482,NULL
2338500,NULL
2338521,NULL
2338758,NULL
2338733,NULL
2337885,NULL
2337293,NULL
2337365,NULL
2337518,NULL
2337528,NULL
2338316,NULL
2338157,NULL
2337859,NULL
2337757,NULL
2338386,NULL
2338411,NULL
2338294,NULL
2337961,NULL
2338277,NULL
2338363,NULL
2337467,NULL
2337570,NULL
2338703,NULL
2338516,NULL
2338632,NULL
2338364,NULL
2337298,NULL
2337931,NULL
2337825,NULL
2337979,NULL
2337646,NULL
2337447,NULL
2337323,NULL
2337288,NULL
2338796,NULL
2338349,NULL
2338216,NULL
2337963,NULL
2338710,NULL
2338072,NULL
2338559,NULL
2337431,NULL
2337513,NULL
2337326,NULL
2338271,NULL
2338254,NULL
2338100,NULL
2338117,NULL
2338565,NULL
2337671,NULL
2338326,NULL
2337983,NULL
2337973,NULL
2338770,NULL
2337581,NULL
2337505,NULL
2337866,NULL
2338519,NULL
2337874,NULL
2341246,NULL
2341247,NULL
2341248,NULL
2341249,NULL
2337391,NULL
2337342,NULL
2337601,NULL
2338511,NULL
2338866,NULL
2338189,NULL
2338148,NULL
2337525,NULL
2338571,NULL
2340747,NULL
2341234,NULL
2321276,NULL
2337379,NULL
2337617,NULL
2338373,NULL
2337746,NULL
2338633,NULL
2338082,NULL
2337743,NULL
2338031,NULL
2337988,NULL
2337530,NULL
2338255,NULL
2337628,NULL
2337542,NULL
2338540,NULL
2338705,NULL
2337923,NULL
2338338,NULL
2337683,NULL
2337516,NULL
2337817,NULL
2337386,NULL
2341330,NULL
2341331,NULL
2341211,NULL
2337119,NULL
2337747,NULL
2337550,NULL
2337433,NULL
2338445,NULL
2338366,NULL
2338688,NULL
2337402,NULL
2338085,NULL
2338611,NULL
2338641,NULL
2337941,NULL
2337667,NULL
2337325,NULL
2338587,NULL
2337940,NULL
2338829,NULL
2338487,NULL
2338158,NULL
2337660,NULL
2338207,NULL
2338288,NULL
2338197,NULL
2337506,NULL
2337413,NULL
2338506,NULL
2338354,NULL
2337732,NULL
2337511,NULL
2338728,NULL
2338598,NULL
2338384,NULL
2337623,NULL
2337673,NULL
2338249,NULL
2338234,NULL
2337460,NULL
2338810,NULL
2337949,NULL
2338292,NULL
2337840,NULL
2338063,NULL
2337883,NULL
2338693,NULL
2337301,NULL
2337942,NULL
2337943,NULL
2338706,NULL
2338594,NULL
2338788,NULL
2338459,NULL
2338736,NULL
2337331,NULL
2337953,NULL
2338149,NULL
2338265,NULL
2338597,NULL
2338697,NULL
2338701,NULL
2338622,NULL
2337794,NULL
2338522,NULL
2338120,NULL
2337639,NULL
2337690,NULL
2337910,NULL
2338440,NULL
2337627,NULL
2338112,NULL
2338457,NULL
2337624,NULL
2337911,NULL
2337496,NULL
2338625,NULL
2337640,NULL
2337605,NULL
2338020,NULL
2337371,NULL
2337561,NULL
2337595,NULL
2338767,NULL
2338402,NULL
2338748,NULL
2338532,NULL
2338561,NULL
2337678,NULL
2337347,NULL
2338766,NULL
2338573,NULL
2338711,NULL
2338151,NULL
2337786,NULL
2337339,NULL
2338142,NULL
2338444,NULL
2337547,NULL
2337944,NULL
2338378,NULL
2338199,NULL
2338407,NULL
2338477,NULL
2338361,NULL
2337924,NULL
2338714,NULL
2338523,NULL
2337492,NULL
2337520,NULL
2337458,NULL
2338298,NULL
2337333,NULL
2338518,NULL
2337918,NULL
2338725,NULL
2337514,NULL
2338308,NULL
2337828,NULL
2337491,NULL
2337327,NULL
2337768,NULL
2338702,NULL
2338524,NULL
2337668,NULL
2337654,NULL
2338574,NULL
2337319,NULL
2337741,NULL
2338491,NULL
2337340,NULL
2338341,NULL
2338779,NULL
2338374,NULL
2338811,NULL
2338441,NULL
2337745,NULL
2337558,NULL
2337434,NULL
2337364,NULL
2338539,NULL
2337676,NULL
2337590,NULL
2337785,NULL
2338671,NULL
2340720,NULL
2337400,NULL
2337869,NULL
2338049,NULL
2338564,NULL
2338087,NULL
2338191,NULL
2338041,NULL
2337398,NULL
2337603,NULL
2338772,NULL
2338496,NULL
2338501,NULL
2337653,NULL
2337521,NULL
2338804,NULL
2337932,NULL
2338351,NULL
2338847,NULL
2338857,NULL
2338135,NULL
2337399,NULL
2118490,TO1P
2006739,MA1P
2006734,ML1P
2006732,OS1P
2118493,LG1N
2006741,DB5P
2006725,CH1P
2006730,HK2P
2000312,AM3PrdStr09
845652,SN1PrdStr05
2000311,AM3PrdStr08
845639,HKNPrdStr03
716459,BY1PrdStr01
925763,AM3PrdStr07
2000217,DB4PrdStr08
2337612,NULL
2338245,NULL
2340760,NULL
2340742,NULL
2341926,NULL
2341927,NULL
2341928,NULL
2341929,NULL
2341930,NULL
2341931,NULL
2341932,NULL
2341184,NULL
2341185,NULL
2341186,NULL
2341187,NULL
2341188,NULL
2341189,NULL
2341190,NULL
2341191,NULL
2341192,NULL
2341193,NULL
2341194,NULL
2341195,NULL
2340768,NULL
2340769,NULL
2340770,NULL
2340771,NULL
2340739,NULL
2340736,NULL
2340756,NULL
2340757,NULL
2340758,NULL
2340762,NULL
2340763,NULL
2340764,NULL
2340745,NULL
2340746,NULL
2340750,NULL
2340751,NULL
2340752,NULL
2340753,NULL
2340754,NULL
2340765,NULL
2340766,NULL
2340748,NULL
2340749,NULL
2340738,CPQ01P
2340761,NULL
2341762,NULL
2340741,NULL
2340737,NULL
2340767,NULL
2340755,PAR01P
2341756,NULL
2343405,NULL
2343408,NULL
2343406,NULL
2341757,NULL
2341789,NULL
2341790,NULL
2341791,NULL
2341792,NULL
2341794,NULL
2341795,NULL
2341793,NULL
2338101,NULL
2337849,NULL
2337296,NULL
2118491,QB1P
2006728,AM3P
2006731,TY1P
2006726,SN3P
2006738,PN1P
2118492,FR1N
2006733,SY3P
2006722,BL2P
2006729,BM1P
2338865,NULL
2338726,NULL
2338635,NULL
2338478,NULL
2337643,NULL
2338236,NULL
2337363,NULL
2338681,NULL
2337328,NULL
2300406,NULL
2301076,NULL
2303053,NULL
2303052,NULL
